"vals","group",".sample"
0.833244102281469,2,1
0.810724215972397,1,1
0.773309761027458,2,1
0.836243013902067,2,1
0.742876913663001,2,1
0.833612073969322,2,1
0.784773595687628,2,1
0.813444854200849,1,1
0.774018578092808,2,1
0.804271697111036,2,1
0.802730176055605,1,1
0.798641967698601,2,1
0.834541504190422,1,1
0.849800125840206,2,1
0.816053652164439,1,1
0.81123914526275,1,1
0.839192386188908,2,1
0.843409652718169,1,1
0.830031628582358,1,1
0.798663066823337,2,1
0.798741021152745,2,1
0.850290953224776,2,1
0.813270215792821,1,1
0.829197696800398,2,1
0.831416914671521,1,1
0.787271823930029,2,1
0.816962012694873,1,1
0.788098334447151,2,1
0.834077568763743,1,1
0.778826362377342,1,1
0.777557922671263,1,1
0.842944228932745,1,1
0.848105719522591,1,1
0.886551024937034,1,1
0.84302229928216,1,1
0.804405740042978,1,1
0.812779610984629,1,1
0.827064229742124,1,1
0.790067060205436,1,1
0.835711873671448,2,1
0.814282740974782,2,1
0.812881124183773,2,1
0.833391142980233,2,1
0.772460770316105,2,1
0.822493185602715,1,1
0.80711054802399,2,1
0.798325551033237,1,1
0.861951354473601,1,1
0.773629710125744,1,1
0.790105351068679,2,1
0.801668720696146,1,1
0.885959745468916,1,1
0.838228537419167,1,1
0.769936982018171,1,1
0.810262853730837,1,1
0.802796264607259,2,1
0.849338784011971,1,1
0.796170567147239,2,1
0.870561237712839,2,1
0.803193276317879,2,1
0.818271207831776,2,1
0.810381639087089,2,1
0.851394903840503,2,1
0.789603702745568,1,1
0.820926518403161,2,1
0.801525933390184,2,1
0.807992313162344,2,1
0.844826976150629,1,1
0.828667329782796,1,1
0.836289079338026,1,1
0.824026736463418,1,1
0.774534816137544,2,1
0.786737535420515,2,1
0.856831163140004,1,1
0.795494797027102,1,1
0.813080338625095,1,1
0.762865503310549,2,1
0.815168247314,1,1
0.842724463841301,2,1
0.825911611216125,1,1
0.846733934373704,1,1
0.826185906826422,1,1
0.814394709018509,1,1
0.855062572161447,2,1
0.823624220917456,2,1
0.825870205760592,1,1
0.815364292148,1,1
0.8544758261991,2,1
0.839322386127377,1,1
0.805648999761488,2,1
0.83286960101293,2,1
0.872779075773478,1,1
0.812721540276746,1,1
0.792438296812623,1,1
0.810689372577108,2,1
0.856100647167631,2,1
0.80881575012299,2,1
0.705023865809525,1,1
0.782458560918147,1,1
0.774787962394289,2,1
0.79692596938755,2,1
0.785233155733795,2,1
0.774951897686068,2,1
0.787343552541493,2,1
0.776552526463949,1,1
0.787529212595142,2,1
0.857422796086981,1,1
0.799754355465064,1,1
0.797192177938377,2,1
0.74674738440512,1,1
0.784460447036526,1,1
0.842677514936247,2,1
0.81317041979566,2,1
0.788906773051671,1,1
0.787314886010677,1,1
0.773391293556283,2,1
0.807587687472265,1,1
0.757910911816069,2,1
0.776166005015476,2,1
0.774814660534947,2,1
0.75638551109896,2,1
0.777191823481273,2,1
0.76634329820003,2,1
0.786824095970373,1,1
0.808765998397642,1,1
0.795695879510533,2,1
0.816059725545616,1,1
0.80221993511696,2,1
0.771449648881001,2,1
0.816860813617238,2,1
0.751912733758806,1,1
0.791175641482822,1,1
0.821402844165471,1,1
0.77320794184782,2,1
0.749146208926014,1,1
0.788013733154068,1,1
0.784591549560587,2,1
0.762433907678976,2,1
0.752965902012683,2,1
0.80762197341038,2,1
0.742876180921761,2,1
0.779584297269935,2,1
0.764924383384918,2,1
0.808645875934819,2,1
0.786181332974526,1,1
0.801262110282323,2,1
0.816865702027343,1,1
0.773953824493283,1,1
0.795881150480497,2,1
0.80047176175719,2,1
0.790766398927607,1,1
0.792375136595307,2,1
0.763611739344284,1,1
0.731892784213134,1,1
0.870144788674967,2,1
0.769003030973602,1,1
0.812462445292819,1,1
0.83802062729521,1,1
0.752545998126821,1,1
0.786649220671084,1,1
0.785315143800879,2,1
0.803568570329523,2,1
0.777997190396072,2,1
0.789743948665638,1,1
0.764645333414527,1,1
0.775074659584446,2,1
0.7580770245212,2,1
0.785489153739908,2,1
0.74169672674458,1,1
0.744823264461792,2,1
0.748898222207445,1,1
0.738843439039583,1,1
0.790870123411112,2,1
0.79371724733424,2,1
0.840396311826025,1,1
0.768321834434645,1,1
0.770263503883291,2,1
0.757784280201805,2,1
0.826196859790763,2,1
0.808224768144589,1,1
0.806350315456145,2,1
0.787157626252931,1,1
0.793593002698848,1,1
0.729019400421129,1,1
0.77802622203929,1,1
0.806822686608652,2,1
0.795301800175942,1,1
0.808855703412432,2,1
0.799082508442813,1,1
0.821575148206692,2,1
0.792248587628191,1,1
0.743163178478667,1,1
0.833244102281469,1,2
0.810724215972397,1,2
0.773309761027458,2,2
0.836243013902067,1,2
0.742876913663001,2,2
0.833612073969322,2,2
0.784773595687628,1,2
0.813444854200849,1,2
0.774018578092808,1,2
0.804271697111036,2,2
0.802730176055605,2,2
0.798641967698601,2,2
0.834541504190422,1,2
0.849800125840206,1,2
0.816053652164439,2,2
0.81123914526275,2,2
0.839192386188908,2,2
0.843409652718169,2,2
0.830031628582358,1,2
0.798663066823337,2,2
0.798741021152745,1,2
0.850290953224776,1,2
0.813270215792821,1,2
0.829197696800398,1,2
0.831416914671521,1,2
0.787271823930029,1,2
0.816962012694873,2,2
0.788098334447151,2,2
0.834077568763743,2,2
0.778826362377342,1,2
0.777557922671263,1,2
0.842944228932745,2,2
0.848105719522591,2,2
0.886551024937034,1,2
0.84302229928216,2,2
0.804405740042978,2,2
0.812779610984629,1,2
0.827064229742124,1,2
0.790067060205436,1,2
0.835711873671448,1,2
0.814282740974782,1,2
0.812881124183773,2,2
0.833391142980233,1,2
0.772460770316105,1,2
0.822493185602715,2,2
0.80711054802399,2,2
0.798325551033237,2,2
0.861951354473601,2,2
0.773629710125744,2,2
0.790105351068679,2,2
0.801668720696146,2,2
0.885959745468916,2,2
0.838228537419167,1,2
0.769936982018171,2,2
0.810262853730837,2,2
0.802796264607259,2,2
0.849338784011971,2,2
0.796170567147239,1,2
0.870561237712839,1,2
0.803193276317879,1,2
0.818271207831776,1,2
0.810381639087089,1,2
0.851394903840503,1,2
0.789603702745568,1,2
0.820926518403161,1,2
0.801525933390184,1,2
0.807992313162344,1,2
0.844826976150629,2,2
0.828667329782796,1,2
0.836289079338026,2,2
0.824026736463418,1,2
0.774534816137544,2,2
0.786737535420515,1,2
0.856831163140004,2,2
0.795494797027102,1,2
0.813080338625095,1,2
0.762865503310549,2,2
0.815168247314,1,2
0.842724463841301,2,2
0.825911611216125,2,2
0.846733934373704,1,2
0.826185906826422,2,2
0.814394709018509,1,2
0.855062572161447,2,2
0.823624220917456,2,2
0.825870205760592,2,2
0.815364292148,1,2
0.8544758261991,1,2
0.839322386127377,2,2
0.805648999761488,2,2
0.83286960101293,1,2
0.872779075773478,1,2
0.812721540276746,1,2
0.792438296812623,2,2
0.810689372577108,2,2
0.856100647167631,1,2
0.80881575012299,1,2
0.705023865809525,2,2
0.782458560918147,1,2
0.774787962394289,2,2
0.79692596938755,1,2
0.785233155733795,1,2
0.774951897686068,1,2
0.787343552541493,1,2
0.776552526463949,1,2
0.787529212595142,1,2
0.857422796086981,2,2
0.799754355465064,1,2
0.797192177938377,2,2
0.74674738440512,2,2
0.784460447036526,2,2
0.842677514936247,2,2
0.81317041979566,1,2
0.788906773051671,2,2
0.787314886010677,1,2
0.773391293556283,2,2
0.807587687472265,2,2
0.757910911816069,2,2
0.776166005015476,2,2
0.774814660534947,1,2
0.75638551109896,2,2
0.777191823481273,2,2
0.76634329820003,1,2
0.786824095970373,2,2
0.808765998397642,2,2
0.795695879510533,1,2
0.816059725545616,1,2
0.80221993511696,1,2
0.771449648881001,2,2
0.816860813617238,1,2
0.751912733758806,1,2
0.791175641482822,2,2
0.821402844165471,1,2
0.77320794184782,2,2
0.749146208926014,1,2
0.788013733154068,2,2
0.784591549560587,2,2
0.762433907678976,2,2
0.752965902012683,2,2
0.80762197341038,2,2
0.742876180921761,2,2
0.779584297269935,2,2
0.764924383384918,1,2
0.808645875934819,1,2
0.786181332974526,2,2
0.801262110282323,2,2
0.816865702027343,2,2
0.773953824493283,1,2
0.795881150480497,1,2
0.80047176175719,2,2
0.790766398927607,2,2
0.792375136595307,1,2
0.763611739344284,1,2
0.731892784213134,2,2
0.870144788674967,2,2
0.769003030973602,2,2
0.812462445292819,1,2
0.83802062729521,1,2
0.752545998126821,2,2
0.786649220671084,1,2
0.785315143800879,1,2
0.803568570329523,2,2
0.777997190396072,1,2
0.789743948665638,2,2
0.764645333414527,1,2
0.775074659584446,2,2
0.7580770245212,1,2
0.785489153739908,1,2
0.74169672674458,1,2
0.744823264461792,1,2
0.748898222207445,2,2
0.738843439039583,2,2
0.790870123411112,1,2
0.79371724733424,1,2
0.840396311826025,1,2
0.768321834434645,1,2
0.770263503883291,2,2
0.757784280201805,2,2
0.826196859790763,1,2
0.808224768144589,1,2
0.806350315456145,1,2
0.787157626252931,2,2
0.793593002698848,2,2
0.729019400421129,1,2
0.77802622203929,2,2
0.806822686608652,1,2
0.795301800175942,2,2
0.808855703412432,1,2
0.799082508442813,2,2
0.821575148206692,2,2
0.792248587628191,2,2
0.743163178478667,2,2
0.833244102281469,1,3
0.810724215972397,2,3
0.773309761027458,2,3
0.836243013902067,2,3
0.742876913663001,1,3
0.833612073969322,1,3
0.784773595687628,2,3
0.813444854200849,2,3
0.774018578092808,2,3
0.804271697111036,2,3
0.802730176055605,2,3
0.798641967698601,1,3
0.834541504190422,1,3
0.849800125840206,2,3
0.816053652164439,2,3
0.81123914526275,1,3
0.839192386188908,2,3
0.843409652718169,2,3
0.830031628582358,2,3
0.798663066823337,2,3
0.798741021152745,1,3
0.850290953224776,1,3
0.813270215792821,2,3
0.829197696800398,1,3
0.831416914671521,2,3
0.787271823930029,1,3
0.816962012694873,2,3
0.788098334447151,1,3
0.834077568763743,1,3
0.778826362377342,1,3
0.777557922671263,1,3
0.842944228932745,1,3
0.848105719522591,1,3
0.886551024937034,1,3
0.84302229928216,1,3
0.804405740042978,2,3
0.812779610984629,1,3
0.827064229742124,1,3
0.790067060205436,2,3
0.835711873671448,1,3
0.814282740974782,2,3
0.812881124183773,1,3
0.833391142980233,2,3
0.772460770316105,1,3
0.822493185602715,2,3
0.80711054802399,2,3
0.798325551033237,2,3
0.861951354473601,2,3
0.773629710125744,2,3
0.790105351068679,2,3
0.801668720696146,2,3
0.885959745468916,1,3
0.838228537419167,2,3
0.769936982018171,2,3
0.810262853730837,2,3
0.802796264607259,1,3
0.849338784011971,1,3
0.796170567147239,2,3
0.870561237712839,1,3
0.803193276317879,1,3
0.818271207831776,2,3
0.810381639087089,2,3
0.851394903840503,1,3
0.789603702745568,1,3
0.820926518403161,1,3
0.801525933390184,2,3
0.807992313162344,2,3
0.844826976150629,1,3
0.828667329782796,2,3
0.836289079338026,2,3
0.824026736463418,2,3
0.774534816137544,1,3
0.786737535420515,1,3
0.856831163140004,2,3
0.795494797027102,2,3
0.813080338625095,1,3
0.762865503310549,2,3
0.815168247314,1,3
0.842724463841301,1,3
0.825911611216125,1,3
0.846733934373704,2,3
0.826185906826422,1,3
0.814394709018509,2,3
0.855062572161447,2,3
0.823624220917456,1,3
0.825870205760592,2,3
0.815364292148,1,3
0.8544758261991,1,3
0.839322386127377,1,3
0.805648999761488,2,3
0.83286960101293,2,3
0.872779075773478,1,3
0.812721540276746,1,3
0.792438296812623,1,3
0.810689372577108,1,3
0.856100647167631,1,3
0.80881575012299,2,3
0.705023865809525,1,3
0.782458560918147,2,3
0.774787962394289,1,3
0.79692596938755,1,3
0.785233155733795,2,3
0.774951897686068,1,3
0.787343552541493,2,3
0.776552526463949,2,3
0.787529212595142,1,3
0.857422796086981,1,3
0.799754355465064,2,3
0.797192177938377,2,3
0.74674738440512,1,3
0.784460447036526,2,3
0.842677514936247,2,3
0.81317041979566,1,3
0.788906773051671,2,3
0.787314886010677,1,3
0.773391293556283,2,3
0.807587687472265,2,3
0.757910911816069,2,3
0.776166005015476,1,3
0.774814660534947,1,3
0.75638551109896,1,3
0.777191823481273,2,3
0.76634329820003,2,3
0.786824095970373,2,3
0.808765998397642,2,3
0.795695879510533,1,3
0.816059725545616,1,3
0.80221993511696,2,3
0.771449648881001,2,3
0.816860813617238,2,3
0.751912733758806,1,3
0.791175641482822,1,3
0.821402844165471,2,3
0.77320794184782,2,3
0.749146208926014,1,3
0.788013733154068,2,3
0.784591549560587,1,3
0.762433907678976,2,3
0.752965902012683,2,3
0.80762197341038,1,3
0.742876180921761,1,3
0.779584297269935,1,3
0.764924383384918,1,3
0.808645875934819,2,3
0.786181332974526,2,3
0.801262110282323,1,3
0.816865702027343,1,3
0.773953824493283,1,3
0.795881150480497,2,3
0.80047176175719,1,3
0.790766398927607,1,3
0.792375136595307,2,3
0.763611739344284,2,3
0.731892784213134,2,3
0.870144788674967,1,3
0.769003030973602,2,3
0.812462445292819,2,3
0.83802062729521,1,3
0.752545998126821,2,3
0.786649220671084,2,3
0.785315143800879,1,3
0.803568570329523,1,3
0.777997190396072,2,3
0.789743948665638,2,3
0.764645333414527,2,3
0.775074659584446,1,3
0.7580770245212,1,3
0.785489153739908,1,3
0.74169672674458,1,3
0.744823264461792,1,3
0.748898222207445,2,3
0.738843439039583,2,3
0.790870123411112,1,3
0.79371724733424,2,3
0.840396311826025,2,3
0.768321834434645,1,3
0.770263503883291,1,3
0.757784280201805,1,3
0.826196859790763,2,3
0.808224768144589,2,3
0.806350315456145,2,3
0.787157626252931,1,3
0.793593002698848,1,3
0.729019400421129,2,3
0.77802622203929,1,3
0.806822686608652,1,3
0.795301800175942,2,3
0.808855703412432,1,3
0.799082508442813,1,3
0.821575148206692,1,3
0.792248587628191,1,3
0.743163178478667,2,3
0.833244102281469,1,4
0.810724215972397,2,4
0.773309761027458,1,4
0.836243013902067,2,4
0.742876913663001,1,4
0.833612073969322,1,4
0.784773595687628,2,4
0.813444854200849,1,4
0.774018578092808,2,4
0.804271697111036,1,4
0.802730176055605,2,4
0.798641967698601,1,4
0.834541504190422,2,4
0.849800125840206,2,4
0.816053652164439,1,4
0.81123914526275,1,4
0.839192386188908,1,4
0.843409652718169,2,4
0.830031628582358,2,4
0.798663066823337,2,4
0.798741021152745,1,4
0.850290953224776,1,4
0.813270215792821,1,4
0.829197696800398,2,4
0.831416914671521,2,4
0.787271823930029,2,4
0.816962012694873,2,4
0.788098334447151,2,4
0.834077568763743,2,4
0.778826362377342,2,4
0.777557922671263,1,4
0.842944228932745,2,4
0.848105719522591,2,4
0.886551024937034,1,4
0.84302229928216,2,4
0.804405740042978,1,4
0.812779610984629,2,4
0.827064229742124,1,4
0.790067060205436,2,4
0.835711873671448,1,4
0.814282740974782,1,4
0.812881124183773,1,4
0.833391142980233,1,4
0.772460770316105,2,4
0.822493185602715,2,4
0.80711054802399,2,4
0.798325551033237,1,4
0.861951354473601,1,4
0.773629710125744,1,4
0.790105351068679,1,4
0.801668720696146,2,4
0.885959745468916,2,4
0.838228537419167,1,4
0.769936982018171,2,4
0.810262853730837,1,4
0.802796264607259,2,4
0.849338784011971,2,4
0.796170567147239,1,4
0.870561237712839,1,4
0.803193276317879,1,4
0.818271207831776,1,4
0.810381639087089,1,4
0.851394903840503,1,4
0.789603702745568,2,4
0.820926518403161,1,4
0.801525933390184,2,4
0.807992313162344,1,4
0.844826976150629,1,4
0.828667329782796,2,4
0.836289079338026,1,4
0.824026736463418,2,4
0.774534816137544,2,4
0.786737535420515,1,4
0.856831163140004,1,4
0.795494797027102,1,4
0.813080338625095,2,4
0.762865503310549,2,4
0.815168247314,2,4
0.842724463841301,1,4
0.825911611216125,2,4
0.846733934373704,1,4
0.826185906826422,1,4
0.814394709018509,2,4
0.855062572161447,2,4
0.823624220917456,1,4
0.825870205760592,2,4
0.815364292148,2,4
0.8544758261991,1,4
0.839322386127377,2,4
0.805648999761488,2,4
0.83286960101293,2,4
0.872779075773478,2,4
0.812721540276746,1,4
0.792438296812623,1,4
0.810689372577108,2,4
0.856100647167631,1,4
0.80881575012299,1,4
0.705023865809525,2,4
0.782458560918147,2,4
0.774787962394289,2,4
0.79692596938755,1,4
0.785233155733795,1,4
0.774951897686068,1,4
0.787343552541493,1,4
0.776552526463949,2,4
0.787529212595142,2,4
0.857422796086981,1,4
0.799754355465064,1,4
0.797192177938377,2,4
0.74674738440512,2,4
0.784460447036526,2,4
0.842677514936247,1,4
0.81317041979566,2,4
0.788906773051671,1,4
0.787314886010677,2,4
0.773391293556283,1,4
0.807587687472265,2,4
0.757910911816069,2,4
0.776166005015476,1,4
0.774814660534947,1,4
0.75638551109896,2,4
0.777191823481273,2,4
0.76634329820003,2,4
0.786824095970373,2,4
0.808765998397642,1,4
0.795695879510533,1,4
0.816059725545616,2,4
0.80221993511696,1,4
0.771449648881001,1,4
0.816860813617238,1,4
0.751912733758806,1,4
0.791175641482822,2,4
0.821402844165471,2,4
0.77320794184782,2,4
0.749146208926014,2,4
0.788013733154068,1,4
0.784591549560587,2,4
0.762433907678976,1,4
0.752965902012683,1,4
0.80762197341038,1,4
0.742876180921761,1,4
0.779584297269935,2,4
0.764924383384918,2,4
0.808645875934819,2,4
0.786181332974526,1,4
0.801262110282323,1,4
0.816865702027343,2,4
0.773953824493283,2,4
0.795881150480497,2,4
0.80047176175719,1,4
0.790766398927607,1,4
0.792375136595307,1,4
0.763611739344284,2,4
0.731892784213134,1,4
0.870144788674967,1,4
0.769003030973602,1,4
0.812462445292819,2,4
0.83802062729521,1,4
0.752545998126821,2,4
0.786649220671084,1,4
0.785315143800879,1,4
0.803568570329523,2,4
0.777997190396072,2,4
0.789743948665638,2,4
0.764645333414527,1,4
0.775074659584446,1,4
0.7580770245212,2,4
0.785489153739908,2,4
0.74169672674458,1,4
0.744823264461792,2,4
0.748898222207445,2,4
0.738843439039583,1,4
0.790870123411112,1,4
0.79371724733424,1,4
0.840396311826025,1,4
0.768321834434645,1,4
0.770263503883291,1,4
0.757784280201805,1,4
0.826196859790763,1,4
0.808224768144589,2,4
0.806350315456145,1,4
0.787157626252931,2,4
0.793593002698848,1,4
0.729019400421129,2,4
0.77802622203929,2,4
0.806822686608652,2,4
0.795301800175942,2,4
0.808855703412432,2,4
0.799082508442813,2,4
0.821575148206692,2,4
0.792248587628191,2,4
0.743163178478667,1,4
0.833244102281469,1,5
0.810724215972397,2,5
0.773309761027458,2,5
0.836243013902067,1,5
0.742876913663001,1,5
0.833612073969322,2,5
0.784773595687628,2,5
0.813444854200849,2,5
0.774018578092808,2,5
0.804271697111036,1,5
0.802730176055605,2,5
0.798641967698601,2,5
0.834541504190422,2,5
0.849800125840206,2,5
0.816053652164439,1,5
0.81123914526275,2,5
0.839192386188908,2,5
0.843409652718169,1,5
0.830031628582358,1,5
0.798663066823337,2,5
0.798741021152745,2,5
0.850290953224776,1,5
0.813270215792821,2,5
0.829197696800398,1,5
0.831416914671521,1,5
0.787271823930029,1,5
0.816962012694873,1,5
0.788098334447151,1,5
0.834077568763743,2,5
0.778826362377342,2,5
0.777557922671263,1,5
0.842944228932745,2,5
0.848105719522591,2,5
0.886551024937034,2,5
0.84302229928216,2,5
0.804405740042978,2,5
0.812779610984629,1,5
0.827064229742124,1,5
0.790067060205436,1,5
0.835711873671448,1,5
0.814282740974782,1,5
0.812881124183773,1,5
0.833391142980233,1,5
0.772460770316105,1,5
0.822493185602715,2,5
0.80711054802399,1,5
0.798325551033237,1,5
0.861951354473601,2,5
0.773629710125744,2,5
0.790105351068679,2,5
0.801668720696146,1,5
0.885959745468916,1,5
0.838228537419167,2,5
0.769936982018171,1,5
0.810262853730837,1,5
0.802796264607259,1,5
0.849338784011971,1,5
0.796170567147239,1,5
0.870561237712839,1,5
0.803193276317879,1,5
0.818271207831776,1,5
0.810381639087089,2,5
0.851394903840503,2,5
0.789603702745568,1,5
0.820926518403161,1,5
0.801525933390184,1,5
0.807992313162344,1,5
0.844826976150629,2,5
0.828667329782796,1,5
0.836289079338026,2,5
0.824026736463418,1,5
0.774534816137544,1,5
0.786737535420515,1,5
0.856831163140004,2,5
0.795494797027102,2,5
0.813080338625095,2,5
0.762865503310549,2,5
0.815168247314,2,5
0.842724463841301,1,5
0.825911611216125,2,5
0.846733934373704,2,5
0.826185906826422,2,5
0.814394709018509,2,5
0.855062572161447,2,5
0.823624220917456,2,5
0.825870205760592,2,5
0.815364292148,1,5
0.8544758261991,2,5
0.839322386127377,1,5
0.805648999761488,2,5
0.83286960101293,2,5
0.872779075773478,1,5
0.812721540276746,2,5
0.792438296812623,1,5
0.810689372577108,2,5
0.856100647167631,2,5
0.80881575012299,1,5
0.705023865809525,2,5
0.782458560918147,2,5
0.774787962394289,2,5
0.79692596938755,1,5
0.785233155733795,2,5
0.774951897686068,2,5
0.787343552541493,2,5
0.776552526463949,1,5
0.787529212595142,2,5
0.857422796086981,2,5
0.799754355465064,2,5
0.797192177938377,2,5
0.74674738440512,2,5
0.784460447036526,2,5
0.842677514936247,2,5
0.81317041979566,1,5
0.788906773051671,2,5
0.787314886010677,2,5
0.773391293556283,1,5
0.807587687472265,2,5
0.757910911816069,1,5
0.776166005015476,1,5
0.774814660534947,2,5
0.75638551109896,2,5
0.777191823481273,1,5
0.76634329820003,2,5
0.786824095970373,1,5
0.808765998397642,2,5
0.795695879510533,2,5
0.816059725545616,1,5
0.80221993511696,2,5
0.771449648881001,1,5
0.816860813617238,2,5
0.751912733758806,2,5
0.791175641482822,1,5
0.821402844165471,2,5
0.77320794184782,1,5
0.749146208926014,1,5
0.788013733154068,1,5
0.784591549560587,1,5
0.762433907678976,1,5
0.752965902012683,2,5
0.80762197341038,1,5
0.742876180921761,1,5
0.779584297269935,2,5
0.764924383384918,1,5
0.808645875934819,1,5
0.786181332974526,2,5
0.801262110282323,1,5
0.816865702027343,1,5
0.773953824493283,2,5
0.795881150480497,1,5
0.80047176175719,1,5
0.790766398927607,2,5
0.792375136595307,2,5
0.763611739344284,2,5
0.731892784213134,1,5
0.870144788674967,1,5
0.769003030973602,1,5
0.812462445292819,1,5
0.83802062729521,2,5
0.752545998126821,1,5
0.786649220671084,2,5
0.785315143800879,2,5
0.803568570329523,1,5
0.777997190396072,2,5
0.789743948665638,1,5
0.764645333414527,2,5
0.775074659584446,2,5
0.7580770245212,2,5
0.785489153739908,1,5
0.74169672674458,1,5
0.744823264461792,1,5
0.748898222207445,1,5
0.738843439039583,2,5
0.790870123411112,1,5
0.79371724733424,1,5
0.840396311826025,1,5
0.768321834434645,2,5
0.770263503883291,1,5
0.757784280201805,1,5
0.826196859790763,1,5
0.808224768144589,1,5
0.806350315456145,2,5
0.787157626252931,2,5
0.793593002698848,2,5
0.729019400421129,1,5
0.77802622203929,1,5
0.806822686608652,2,5
0.795301800175942,1,5
0.808855703412432,1,5
0.799082508442813,1,5
0.821575148206692,2,5
0.792248587628191,1,5
0.743163178478667,2,5
0.833244102281469,1,6
0.810724215972397,1,6
0.773309761027458,1,6
0.836243013902067,1,6
0.742876913663001,1,6
0.833612073969322,1,6
0.784773595687628,1,6
0.813444854200849,1,6
0.774018578092808,1,6
0.804271697111036,1,6
0.802730176055605,1,6
0.798641967698601,1,6
0.834541504190422,1,6
0.849800125840206,1,6
0.816053652164439,1,6
0.81123914526275,1,6
0.839192386188908,1,6
0.843409652718169,1,6
0.830031628582358,1,6
0.798663066823337,1,6
0.798741021152745,1,6
0.850290953224776,1,6
0.813270215792821,1,6
0.829197696800398,1,6
0.831416914671521,1,6
0.787271823930029,1,6
0.816962012694873,1,6
0.788098334447151,1,6
0.834077568763743,1,6
0.778826362377342,1,6
0.777557922671263,1,6
0.842944228932745,1,6
0.848105719522591,1,6
0.886551024937034,1,6
0.84302229928216,1,6
0.804405740042978,1,6
0.812779610984629,1,6
0.827064229742124,1,6
0.790067060205436,1,6
0.835711873671448,1,6
0.814282740974782,1,6
0.812881124183773,1,6
0.833391142980233,1,6
0.772460770316105,1,6
0.822493185602715,1,6
0.80711054802399,1,6
0.798325551033237,1,6
0.861951354473601,1,6
0.773629710125744,1,6
0.790105351068679,1,6
0.801668720696146,1,6
0.885959745468916,1,6
0.838228537419167,1,6
0.769936982018171,1,6
0.810262853730837,1,6
0.802796264607259,1,6
0.849338784011971,1,6
0.796170567147239,1,6
0.870561237712839,1,6
0.803193276317879,1,6
0.818271207831776,1,6
0.810381639087089,1,6
0.851394903840503,1,6
0.789603702745568,1,6
0.820926518403161,1,6
0.801525933390184,1,6
0.807992313162344,1,6
0.844826976150629,1,6
0.828667329782796,1,6
0.836289079338026,1,6
0.824026736463418,1,6
0.774534816137544,1,6
0.786737535420515,1,6
0.856831163140004,1,6
0.795494797027102,1,6
0.813080338625095,1,6
0.762865503310549,1,6
0.815168247314,1,6
0.842724463841301,1,6
0.825911611216125,1,6
0.846733934373704,1,6
0.826185906826422,1,6
0.814394709018509,1,6
0.855062572161447,1,6
0.823624220917456,1,6
0.825870205760592,1,6
0.815364292148,1,6
0.8544758261991,1,6
0.839322386127377,1,6
0.805648999761488,1,6
0.83286960101293,1,6
0.872779075773478,1,6
0.812721540276746,1,6
0.792438296812623,1,6
0.810689372577108,1,6
0.856100647167631,1,6
0.80881575012299,2,6
0.705023865809525,2,6
0.782458560918147,2,6
0.774787962394289,2,6
0.79692596938755,2,6
0.785233155733795,2,6
0.774951897686068,2,6
0.787343552541493,2,6
0.776552526463949,2,6
0.787529212595142,2,6
0.857422796086981,2,6
0.799754355465064,2,6
0.797192177938377,2,6
0.74674738440512,2,6
0.784460447036526,2,6
0.842677514936247,2,6
0.81317041979566,2,6
0.788906773051671,2,6
0.787314886010677,2,6
0.773391293556283,2,6
0.807587687472265,2,6
0.757910911816069,2,6
0.776166005015476,2,6
0.774814660534947,2,6
0.75638551109896,2,6
0.777191823481273,2,6
0.76634329820003,2,6
0.786824095970373,2,6
0.808765998397642,2,6
0.795695879510533,2,6
0.816059725545616,2,6
0.80221993511696,2,6
0.771449648881001,2,6
0.816860813617238,2,6
0.751912733758806,2,6
0.791175641482822,2,6
0.821402844165471,2,6
0.77320794184782,2,6
0.749146208926014,2,6
0.788013733154068,2,6
0.784591549560587,2,6
0.762433907678976,2,6
0.752965902012683,2,6
0.80762197341038,2,6
0.742876180921761,2,6
0.779584297269935,2,6
0.764924383384918,2,6
0.808645875934819,2,6
0.786181332974526,2,6
0.801262110282323,2,6
0.816865702027343,2,6
0.773953824493283,2,6
0.795881150480497,2,6
0.80047176175719,2,6
0.790766398927607,2,6
0.792375136595307,2,6
0.763611739344284,2,6
0.731892784213134,2,6
0.870144788674967,2,6
0.769003030973602,2,6
0.812462445292819,2,6
0.83802062729521,2,6
0.752545998126821,2,6
0.786649220671084,2,6
0.785315143800879,2,6
0.803568570329523,2,6
0.777997190396072,2,6
0.789743948665638,2,6
0.764645333414527,2,6
0.775074659584446,2,6
0.7580770245212,2,6
0.785489153739908,2,6
0.74169672674458,2,6
0.744823264461792,2,6
0.748898222207445,2,6
0.738843439039583,2,6
0.790870123411112,2,6
0.79371724733424,2,6
0.840396311826025,2,6
0.768321834434645,2,6
0.770263503883291,2,6
0.757784280201805,2,6
0.826196859790763,2,6
0.808224768144589,2,6
0.806350315456145,2,6
0.787157626252931,2,6
0.793593002698848,2,6
0.729019400421129,2,6
0.77802622203929,2,6
0.806822686608652,2,6
0.795301800175942,2,6
0.808855703412432,2,6
0.799082508442813,2,6
0.821575148206692,2,6
0.792248587628191,2,6
0.743163178478667,2,6
0.833244102281469,1,7
0.810724215972397,2,7
0.773309761027458,1,7
0.836243013902067,1,7
0.742876913663001,2,7
0.833612073969322,2,7
0.784773595687628,1,7
0.813444854200849,1,7
0.774018578092808,2,7
0.804271697111036,2,7
0.802730176055605,1,7
0.798641967698601,1,7
0.834541504190422,1,7
0.849800125840206,2,7
0.816053652164439,2,7
0.81123914526275,1,7
0.839192386188908,1,7
0.843409652718169,2,7
0.830031628582358,2,7
0.798663066823337,1,7
0.798741021152745,2,7
0.850290953224776,1,7
0.813270215792821,1,7
0.829197696800398,1,7
0.831416914671521,2,7
0.787271823930029,2,7
0.816962012694873,2,7
0.788098334447151,2,7
0.834077568763743,2,7
0.778826362377342,1,7
0.777557922671263,1,7
0.842944228932745,2,7
0.848105719522591,1,7
0.886551024937034,1,7
0.84302229928216,1,7
0.804405740042978,2,7
0.812779610984629,2,7
0.827064229742124,1,7
0.790067060205436,2,7
0.835711873671448,2,7
0.814282740974782,2,7
0.812881124183773,2,7
0.833391142980233,2,7
0.772460770316105,2,7
0.822493185602715,2,7
0.80711054802399,2,7
0.798325551033237,1,7
0.861951354473601,1,7
0.773629710125744,2,7
0.790105351068679,2,7
0.801668720696146,1,7
0.885959745468916,1,7
0.838228537419167,2,7
0.769936982018171,1,7
0.810262853730837,1,7
0.802796264607259,2,7
0.849338784011971,1,7
0.796170567147239,1,7
0.870561237712839,1,7
0.803193276317879,2,7
0.818271207831776,2,7
0.810381639087089,1,7
0.851394903840503,1,7
0.789603702745568,2,7
0.820926518403161,2,7
0.801525933390184,2,7
0.807992313162344,2,7
0.844826976150629,1,7
0.828667329782796,2,7
0.836289079338026,2,7
0.824026736463418,2,7
0.774534816137544,1,7
0.786737535420515,2,7
0.856831163140004,1,7
0.795494797027102,2,7
0.813080338625095,2,7
0.762865503310549,1,7
0.815168247314,1,7
0.842724463841301,1,7
0.825911611216125,2,7
0.846733934373704,2,7
0.826185906826422,1,7
0.814394709018509,1,7
0.855062572161447,1,7
0.823624220917456,2,7
0.825870205760592,2,7
0.815364292148,1,7
0.8544758261991,1,7
0.839322386127377,1,7
0.805648999761488,2,7
0.83286960101293,1,7
0.872779075773478,1,7
0.812721540276746,1,7
0.792438296812623,1,7
0.810689372577108,2,7
0.856100647167631,2,7
0.80881575012299,1,7
0.705023865809525,2,7
0.782458560918147,2,7
0.774787962394289,1,7
0.79692596938755,2,7
0.785233155733795,2,7
0.774951897686068,2,7
0.787343552541493,1,7
0.776552526463949,1,7
0.787529212595142,2,7
0.857422796086981,1,7
0.799754355465064,1,7
0.797192177938377,1,7
0.74674738440512,1,7
0.784460447036526,1,7
0.842677514936247,1,7
0.81317041979566,2,7
0.788906773051671,2,7
0.787314886010677,2,7
0.773391293556283,1,7
0.807587687472265,1,7
0.757910911816069,1,7
0.776166005015476,2,7
0.774814660534947,1,7
0.75638551109896,1,7
0.777191823481273,1,7
0.76634329820003,2,7
0.786824095970373,2,7
0.808765998397642,2,7
0.795695879510533,1,7
0.816059725545616,1,7
0.80221993511696,2,7
0.771449648881001,2,7
0.816860813617238,1,7
0.751912733758806,1,7
0.791175641482822,1,7
0.821402844165471,1,7
0.77320794184782,1,7
0.749146208926014,2,7
0.788013733154068,2,7
0.784591549560587,2,7
0.762433907678976,2,7
0.752965902012683,2,7
0.80762197341038,1,7
0.742876180921761,1,7
0.779584297269935,2,7
0.764924383384918,1,7
0.808645875934819,1,7
0.786181332974526,1,7
0.801262110282323,1,7
0.816865702027343,2,7
0.773953824493283,1,7
0.795881150480497,1,7
0.80047176175719,2,7
0.790766398927607,2,7
0.792375136595307,2,7
0.763611739344284,1,7
0.731892784213134,2,7
0.870144788674967,2,7
0.769003030973602,1,7
0.812462445292819,2,7
0.83802062729521,2,7
0.752545998126821,1,7
0.786649220671084,2,7
0.785315143800879,2,7
0.803568570329523,2,7
0.777997190396072,1,7
0.789743948665638,1,7
0.764645333414527,1,7
0.775074659584446,1,7
0.7580770245212,2,7
0.785489153739908,2,7
0.74169672674458,2,7
0.744823264461792,2,7
0.748898222207445,1,7
0.738843439039583,2,7
0.790870123411112,2,7
0.79371724733424,1,7
0.840396311826025,1,7
0.768321834434645,1,7
0.770263503883291,1,7
0.757784280201805,2,7
0.826196859790763,2,7
0.808224768144589,1,7
0.806350315456145,1,7
0.787157626252931,2,7
0.793593002698848,2,7
0.729019400421129,1,7
0.77802622203929,2,7
0.806822686608652,1,7
0.795301800175942,2,7
0.808855703412432,1,7
0.799082508442813,1,7
0.821575148206692,2,7
0.792248587628191,2,7
0.743163178478667,2,7
0.833244102281469,2,8
0.810724215972397,1,8
0.773309761027458,2,8
0.836243013902067,2,8
0.742876913663001,1,8
0.833612073969322,2,8
0.784773595687628,1,8
0.813444854200849,2,8
0.774018578092808,1,8
0.804271697111036,2,8
0.802730176055605,1,8
0.798641967698601,1,8
0.834541504190422,1,8
0.849800125840206,2,8
0.816053652164439,1,8
0.81123914526275,2,8
0.839192386188908,1,8
0.843409652718169,1,8
0.830031628582358,2,8
0.798663066823337,1,8
0.798741021152745,1,8
0.850290953224776,1,8
0.813270215792821,2,8
0.829197696800398,1,8
0.831416914671521,2,8
0.787271823930029,2,8
0.816962012694873,2,8
0.788098334447151,1,8
0.834077568763743,2,8
0.778826362377342,1,8
0.777557922671263,2,8
0.842944228932745,2,8
0.848105719522591,1,8
0.886551024937034,1,8
0.84302229928216,2,8
0.804405740042978,2,8
0.812779610984629,1,8
0.827064229742124,2,8
0.790067060205436,2,8
0.835711873671448,2,8
0.814282740974782,2,8
0.812881124183773,1,8
0.833391142980233,1,8
0.772460770316105,1,8
0.822493185602715,1,8
0.80711054802399,2,8
0.798325551033237,2,8
0.861951354473601,1,8
0.773629710125744,1,8
0.790105351068679,2,8
0.801668720696146,2,8
0.885959745468916,2,8
0.838228537419167,2,8
0.769936982018171,2,8
0.810262853730837,1,8
0.802796264607259,2,8
0.849338784011971,1,8
0.796170567147239,1,8
0.870561237712839,1,8
0.803193276317879,1,8
0.818271207831776,2,8
0.810381639087089,2,8
0.851394903840503,2,8
0.789603702745568,2,8
0.820926518403161,1,8
0.801525933390184,1,8
0.807992313162344,1,8
0.844826976150629,1,8
0.828667329782796,1,8
0.836289079338026,1,8
0.824026736463418,2,8
0.774534816137544,1,8
0.786737535420515,1,8
0.856831163140004,2,8
0.795494797027102,2,8
0.813080338625095,1,8
0.762865503310549,2,8
0.815168247314,2,8
0.842724463841301,2,8
0.825911611216125,1,8
0.846733934373704,2,8
0.826185906826422,2,8
0.814394709018509,2,8
0.855062572161447,2,8
0.823624220917456,1,8
0.825870205760592,2,8
0.815364292148,1,8
0.8544758261991,1,8
0.839322386127377,1,8
0.805648999761488,2,8
0.83286960101293,2,8
0.872779075773478,1,8
0.812721540276746,1,8
0.792438296812623,2,8
0.810689372577108,2,8
0.856100647167631,1,8
0.80881575012299,2,8
0.705023865809525,2,8
0.782458560918147,2,8
0.774787962394289,1,8
0.79692596938755,2,8
0.785233155733795,1,8
0.774951897686068,2,8
0.787343552541493,2,8
0.776552526463949,2,8
0.787529212595142,1,8
0.857422796086981,1,8
0.799754355465064,2,8
0.797192177938377,2,8
0.74674738440512,2,8
0.784460447036526,2,8
0.842677514936247,1,8
0.81317041979566,1,8
0.788906773051671,2,8
0.787314886010677,2,8
0.773391293556283,1,8
0.807587687472265,1,8
0.757910911816069,1,8
0.776166005015476,1,8
0.774814660534947,2,8
0.75638551109896,1,8
0.777191823481273,1,8
0.76634329820003,1,8
0.786824095970373,2,8
0.808765998397642,1,8
0.795695879510533,2,8
0.816059725545616,1,8
0.80221993511696,1,8
0.771449648881001,1,8
0.816860813617238,1,8
0.751912733758806,1,8
0.791175641482822,1,8
0.821402844165471,2,8
0.77320794184782,1,8
0.749146208926014,1,8
0.788013733154068,1,8
0.784591549560587,2,8
0.762433907678976,2,8
0.752965902012683,1,8
0.80762197341038,2,8
0.742876180921761,2,8
0.779584297269935,1,8
0.764924383384918,2,8
0.808645875934819,2,8
0.786181332974526,2,8
0.801262110282323,2,8
0.816865702027343,1,8
0.773953824493283,1,8
0.795881150480497,1,8
0.80047176175719,2,8
0.790766398927607,2,8
0.792375136595307,2,8
0.763611739344284,2,8
0.731892784213134,2,8
0.870144788674967,2,8
0.769003030973602,1,8
0.812462445292819,2,8
0.83802062729521,2,8
0.752545998126821,1,8
0.786649220671084,1,8
0.785315143800879,1,8
0.803568570329523,2,8
0.777997190396072,1,8
0.789743948665638,2,8
0.764645333414527,2,8
0.775074659584446,2,8
0.7580770245212,1,8
0.785489153739908,1,8
0.74169672674458,1,8
0.744823264461792,1,8
0.748898222207445,1,8
0.738843439039583,1,8
0.790870123411112,1,8
0.79371724733424,1,8
0.840396311826025,2,8
0.768321834434645,1,8
0.770263503883291,2,8
0.757784280201805,1,8
0.826196859790763,2,8
0.808224768144589,2,8
0.806350315456145,2,8
0.787157626252931,2,8
0.793593002698848,2,8
0.729019400421129,1,8
0.77802622203929,1,8
0.806822686608652,2,8
0.795301800175942,2,8
0.808855703412432,1,8
0.799082508442813,2,8
0.821575148206692,1,8
0.792248587628191,1,8
0.743163178478667,1,8
0.833244102281469,1,9
0.810724215972397,2,9
0.773309761027458,1,9
0.836243013902067,1,9
0.742876913663001,1,9
0.833612073969322,1,9
0.784773595687628,1,9
0.813444854200849,1,9
0.774018578092808,1,9
0.804271697111036,1,9
0.802730176055605,1,9
0.798641967698601,2,9
0.834541504190422,1,9
0.849800125840206,1,9
0.816053652164439,1,9
0.81123914526275,1,9
0.839192386188908,2,9
0.843409652718169,2,9
0.830031628582358,2,9
0.798663066823337,1,9
0.798741021152745,1,9
0.850290953224776,1,9
0.813270215792821,2,9
0.829197696800398,1,9
0.831416914671521,2,9
0.787271823930029,2,9
0.816962012694873,2,9
0.788098334447151,2,9
0.834077568763743,2,9
0.778826362377342,2,9
0.777557922671263,1,9
0.842944228932745,1,9
0.848105719522591,1,9
0.886551024937034,2,9
0.84302229928216,1,9
0.804405740042978,1,9
0.812779610984629,1,9
0.827064229742124,1,9
0.790067060205436,2,9
0.835711873671448,2,9
0.814282740974782,1,9
0.812881124183773,1,9
0.833391142980233,1,9
0.772460770316105,1,9
0.822493185602715,2,9
0.80711054802399,2,9
0.798325551033237,1,9
0.861951354473601,2,9
0.773629710125744,2,9
0.790105351068679,2,9
0.801668720696146,2,9
0.885959745468916,2,9
0.838228537419167,2,9
0.769936982018171,2,9
0.810262853730837,1,9
0.802796264607259,2,9
0.849338784011971,2,9
0.796170567147239,2,9
0.870561237712839,2,9
0.803193276317879,2,9
0.818271207831776,1,9
0.810381639087089,1,9
0.851394903840503,1,9
0.789603702745568,1,9
0.820926518403161,2,9
0.801525933390184,2,9
0.807992313162344,1,9
0.844826976150629,2,9
0.828667329782796,2,9
0.836289079338026,2,9
0.824026736463418,2,9
0.774534816137544,1,9
0.786737535420515,1,9
0.856831163140004,2,9
0.795494797027102,2,9
0.813080338625095,1,9
0.762865503310549,1,9
0.815168247314,1,9
0.842724463841301,2,9
0.825911611216125,2,9
0.846733934373704,1,9
0.826185906826422,2,9
0.814394709018509,1,9
0.855062572161447,1,9
0.823624220917456,2,9
0.825870205760592,1,9
0.815364292148,1,9
0.8544758261991,2,9
0.839322386127377,2,9
0.805648999761488,2,9
0.83286960101293,2,9
0.872779075773478,1,9
0.812721540276746,2,9
0.792438296812623,2,9
0.810689372577108,1,9
0.856100647167631,2,9
0.80881575012299,2,9
0.705023865809525,2,9
0.782458560918147,1,9
0.774787962394289,1,9
0.79692596938755,1,9
0.785233155733795,2,9
0.774951897686068,2,9
0.787343552541493,2,9
0.776552526463949,1,9
0.787529212595142,2,9
0.857422796086981,1,9
0.799754355465064,2,9
0.797192177938377,1,9
0.74674738440512,2,9
0.784460447036526,2,9
0.842677514936247,1,9
0.81317041979566,1,9
0.788906773051671,1,9
0.787314886010677,1,9
0.773391293556283,2,9
0.807587687472265,1,9
0.757910911816069,2,9
0.776166005015476,2,9
0.774814660534947,2,9
0.75638551109896,1,9
0.777191823481273,2,9
0.76634329820003,1,9
0.786824095970373,1,9
0.808765998397642,1,9
0.795695879510533,2,9
0.816059725545616,2,9
0.80221993511696,1,9
0.771449648881001,2,9
0.816860813617238,1,9
0.751912733758806,2,9
0.791175641482822,1,9
0.821402844165471,2,9
0.77320794184782,1,9
0.749146208926014,1,9
0.788013733154068,2,9
0.784591549560587,2,9
0.762433907678976,1,9
0.752965902012683,2,9
0.80762197341038,2,9
0.742876180921761,2,9
0.779584297269935,2,9
0.764924383384918,1,9
0.808645875934819,1,9
0.786181332974526,1,9
0.801262110282323,1,9
0.816865702027343,2,9
0.773953824493283,2,9
0.795881150480497,2,9
0.80047176175719,2,9
0.790766398927607,2,9
0.792375136595307,1,9
0.763611739344284,2,9
0.731892784213134,1,9
0.870144788674967,1,9
0.769003030973602,1,9
0.812462445292819,2,9
0.83802062729521,1,9
0.752545998126821,1,9
0.786649220671084,1,9
0.785315143800879,2,9
0.803568570329523,2,9
0.777997190396072,2,9
0.789743948665638,1,9
0.764645333414527,2,9
0.775074659584446,1,9
0.7580770245212,1,9
0.785489153739908,1,9
0.74169672674458,1,9
0.744823264461792,1,9
0.748898222207445,1,9
0.738843439039583,1,9
0.790870123411112,2,9
0.79371724733424,2,9
0.840396311826025,2,9
0.768321834434645,1,9
0.770263503883291,2,9
0.757784280201805,1,9
0.826196859790763,2,9
0.808224768144589,2,9
0.806350315456145,2,9
0.787157626252931,1,9
0.793593002698848,1,9
0.729019400421129,2,9
0.77802622203929,2,9
0.806822686608652,1,9
0.795301800175942,1,9
0.808855703412432,1,9
0.799082508442813,2,9
0.821575148206692,1,9
0.792248587628191,2,9
0.743163178478667,2,9
0.833244102281469,2,10
0.810724215972397,2,10
0.773309761027458,1,10
0.836243013902067,2,10
0.742876913663001,1,10
0.833612073969322,1,10
0.784773595687628,2,10
0.813444854200849,1,10
0.774018578092808,2,10
0.804271697111036,1,10
0.802730176055605,2,10
0.798641967698601,2,10
0.834541504190422,2,10
0.849800125840206,2,10
0.816053652164439,2,10
0.81123914526275,2,10
0.839192386188908,1,10
0.843409652718169,1,10
0.830031628582358,2,10
0.798663066823337,1,10
0.798741021152745,2,10
0.850290953224776,1,10
0.813270215792821,2,10
0.829197696800398,1,10
0.831416914671521,1,10
0.787271823930029,2,10
0.816962012694873,1,10
0.788098334447151,2,10
0.834077568763743,2,10
0.778826362377342,1,10
0.777557922671263,1,10
0.842944228932745,2,10
0.848105719522591,1,10
0.886551024937034,1,10
0.84302229928216,1,10
0.804405740042978,1,10
0.812779610984629,2,10
0.827064229742124,2,10
0.790067060205436,2,10
0.835711873671448,2,10
0.814282740974782,1,10
0.812881124183773,1,10
0.833391142980233,1,10
0.772460770316105,2,10
0.822493185602715,2,10
0.80711054802399,1,10
0.798325551033237,2,10
0.861951354473601,2,10
0.773629710125744,1,10
0.790105351068679,2,10
0.801668720696146,2,10
0.885959745468916,1,10
0.838228537419167,2,10
0.769936982018171,1,10
0.810262853730837,2,10
0.802796264607259,1,10
0.849338784011971,1,10
0.796170567147239,2,10
0.870561237712839,2,10
0.803193276317879,1,10
0.818271207831776,2,10
0.810381639087089,2,10
0.851394903840503,2,10
0.789603702745568,2,10
0.820926518403161,2,10
0.801525933390184,1,10
0.807992313162344,2,10
0.844826976150629,2,10
0.828667329782796,1,10
0.836289079338026,1,10
0.824026736463418,2,10
0.774534816137544,1,10
0.786737535420515,1,10
0.856831163140004,1,10
0.795494797027102,2,10
0.813080338625095,1,10
0.762865503310549,1,10
0.815168247314,1,10
0.842724463841301,1,10
0.825911611216125,1,10
0.846733934373704,2,10
0.826185906826422,1,10
0.814394709018509,2,10
0.855062572161447,1,10
0.823624220917456,2,10
0.825870205760592,1,10
0.815364292148,1,10
0.8544758261991,2,10
0.839322386127377,1,10
0.805648999761488,2,10
0.83286960101293,1,10
0.872779075773478,2,10
0.812721540276746,1,10
0.792438296812623,1,10
0.810689372577108,1,10
0.856100647167631,2,10
0.80881575012299,2,10
0.705023865809525,2,10
0.782458560918147,1,10
0.774787962394289,1,10
0.79692596938755,1,10
0.785233155733795,2,10
0.774951897686068,1,10
0.787343552541493,1,10
0.776552526463949,2,10
0.787529212595142,1,10
0.857422796086981,2,10
0.799754355465064,1,10
0.797192177938377,1,10
0.74674738440512,2,10
0.784460447036526,2,10
0.842677514936247,2,10
0.81317041979566,2,10
0.788906773051671,1,10
0.787314886010677,1,10
0.773391293556283,2,10
0.807587687472265,1,10
0.757910911816069,1,10
0.776166005015476,2,10
0.774814660534947,2,10
0.75638551109896,2,10
0.777191823481273,2,10
0.76634329820003,2,10
0.786824095970373,2,10
0.808765998397642,1,10
0.795695879510533,1,10
0.816059725545616,2,10
0.80221993511696,1,10
0.771449648881001,1,10
0.816860813617238,1,10
0.751912733758806,2,10
0.791175641482822,1,10
0.821402844165471,2,10
0.77320794184782,2,10
0.749146208926014,1,10
0.788013733154068,2,10
0.784591549560587,2,10
0.762433907678976,1,10
0.752965902012683,2,10
0.80762197341038,2,10
0.742876180921761,1,10
0.779584297269935,2,10
0.764924383384918,2,10
0.808645875934819,2,10
0.786181332974526,1,10
0.801262110282323,1,10
0.816865702027343,1,10
0.773953824493283,2,10
0.795881150480497,2,10
0.80047176175719,1,10
0.790766398927607,1,10
0.792375136595307,2,10
0.763611739344284,2,10
0.731892784213134,1,10
0.870144788674967,1,10
0.769003030973602,1,10
0.812462445292819,1,10
0.83802062729521,1,10
0.752545998126821,2,10
0.786649220671084,1,10
0.785315143800879,2,10
0.803568570329523,1,10
0.777997190396072,2,10
0.789743948665638,1,10
0.764645333414527,1,10
0.775074659584446,1,10
0.7580770245212,1,10
0.785489153739908,1,10
0.74169672674458,2,10
0.744823264461792,2,10
0.748898222207445,1,10
0.738843439039583,1,10
0.790870123411112,1,10
0.79371724733424,1,10
0.840396311826025,1,10
0.768321834434645,2,10
0.770263503883291,2,10
0.757784280201805,2,10
0.826196859790763,1,10
0.808224768144589,2,10
0.806350315456145,2,10
0.787157626252931,2,10
0.793593002698848,2,10
0.729019400421129,2,10
0.77802622203929,2,10
0.806822686608652,1,10
0.795301800175942,2,10
0.808855703412432,2,10
0.799082508442813,1,10
0.821575148206692,1,10
0.792248587628191,2,10
0.743163178478667,1,10
0.833244102281469,2,11
0.810724215972397,2,11
0.773309761027458,1,11
0.836243013902067,1,11
0.742876913663001,2,11
0.833612073969322,1,11
0.784773595687628,2,11
0.813444854200849,2,11
0.774018578092808,1,11
0.804271697111036,2,11
0.802730176055605,1,11
0.798641967698601,2,11
0.834541504190422,1,11
0.849800125840206,1,11
0.816053652164439,1,11
0.81123914526275,2,11
0.839192386188908,1,11
0.843409652718169,1,11
0.830031628582358,1,11
0.798663066823337,2,11
0.798741021152745,1,11
0.850290953224776,1,11
0.813270215792821,2,11
0.829197696800398,2,11
0.831416914671521,1,11
0.787271823930029,1,11
0.816962012694873,1,11
0.788098334447151,2,11
0.834077568763743,1,11
0.778826362377342,2,11
0.777557922671263,2,11
0.842944228932745,2,11
0.848105719522591,1,11
0.886551024937034,2,11
0.84302229928216,2,11
0.804405740042978,1,11
0.812779610984629,1,11
0.827064229742124,2,11
0.790067060205436,2,11
0.835711873671448,1,11
0.814282740974782,1,11
0.812881124183773,2,11
0.833391142980233,1,11
0.772460770316105,1,11
0.822493185602715,2,11
0.80711054802399,2,11
0.798325551033237,1,11
0.861951354473601,1,11
0.773629710125744,1,11
0.790105351068679,1,11
0.801668720696146,1,11
0.885959745468916,1,11
0.838228537419167,2,11
0.769936982018171,2,11
0.810262853730837,1,11
0.802796264607259,2,11
0.849338784011971,2,11
0.796170567147239,1,11
0.870561237712839,1,11
0.803193276317879,2,11
0.818271207831776,1,11
0.810381639087089,1,11
0.851394903840503,1,11
0.789603702745568,2,11
0.820926518403161,2,11
0.801525933390184,1,11
0.807992313162344,2,11
0.844826976150629,2,11
0.828667329782796,1,11
0.836289079338026,1,11
0.824026736463418,2,11
0.774534816137544,2,11
0.786737535420515,1,11
0.856831163140004,2,11
0.795494797027102,2,11
0.813080338625095,2,11
0.762865503310549,1,11
0.815168247314,1,11
0.842724463841301,1,11
0.825911611216125,2,11
0.846733934373704,2,11
0.826185906826422,2,11
0.814394709018509,2,11
0.855062572161447,1,11
0.823624220917456,1,11
0.825870205760592,1,11
0.815364292148,1,11
0.8544758261991,1,11
0.839322386127377,1,11
0.805648999761488,1,11
0.83286960101293,1,11
0.872779075773478,2,11
0.812721540276746,2,11
0.792438296812623,1,11
0.810689372577108,2,11
0.856100647167631,1,11
0.80881575012299,1,11
0.705023865809525,1,11
0.782458560918147,2,11
0.774787962394289,2,11
0.79692596938755,2,11
0.785233155733795,2,11
0.774951897686068,2,11
0.787343552541493,1,11
0.776552526463949,1,11
0.787529212595142,1,11
0.857422796086981,1,11
0.799754355465064,1,11
0.797192177938377,1,11
0.74674738440512,2,11
0.784460447036526,1,11
0.842677514936247,2,11
0.81317041979566,2,11
0.788906773051671,2,11
0.787314886010677,2,11
0.773391293556283,1,11
0.807587687472265,2,11
0.757910911816069,2,11
0.776166005015476,1,11
0.774814660534947,2,11
0.75638551109896,2,11
0.777191823481273,2,11
0.76634329820003,2,11
0.786824095970373,2,11
0.808765998397642,2,11
0.795695879510533,1,11
0.816059725545616,1,11
0.80221993511696,1,11
0.771449648881001,1,11
0.816860813617238,2,11
0.751912733758806,2,11
0.791175641482822,1,11
0.821402844165471,2,11
0.77320794184782,2,11
0.749146208926014,2,11
0.788013733154068,2,11
0.784591549560587,2,11
0.762433907678976,2,11
0.752965902012683,1,11
0.80762197341038,1,11
0.742876180921761,2,11
0.779584297269935,1,11
0.764924383384918,1,11
0.808645875934819,1,11
0.786181332974526,2,11
0.801262110282323,1,11
0.816865702027343,1,11
0.773953824493283,1,11
0.795881150480497,1,11
0.80047176175719,1,11
0.790766398927607,1,11
0.792375136595307,2,11
0.763611739344284,2,11
0.731892784213134,2,11
0.870144788674967,2,11
0.769003030973602,1,11
0.812462445292819,2,11
0.83802062729521,2,11
0.752545998126821,1,11
0.786649220671084,2,11
0.785315143800879,2,11
0.803568570329523,2,11
0.777997190396072,2,11
0.789743948665638,2,11
0.764645333414527,2,11
0.775074659584446,1,11
0.7580770245212,1,11
0.785489153739908,2,11
0.74169672674458,2,11
0.744823264461792,1,11
0.748898222207445,2,11
0.738843439039583,1,11
0.790870123411112,1,11
0.79371724733424,2,11
0.840396311826025,1,11
0.768321834434645,2,11
0.770263503883291,2,11
0.757784280201805,1,11
0.826196859790763,1,11
0.808224768144589,1,11
0.806350315456145,1,11
0.787157626252931,2,11
0.793593002698848,2,11
0.729019400421129,1,11
0.77802622203929,2,11
0.806822686608652,2,11
0.795301800175942,2,11
0.808855703412432,1,11
0.799082508442813,1,11
0.821575148206692,2,11
0.792248587628191,1,11
0.743163178478667,2,11
0.833244102281469,1,12
0.810724215972397,2,12
0.773309761027458,2,12
0.836243013902067,2,12
0.742876913663001,1,12
0.833612073969322,1,12
0.784773595687628,2,12
0.813444854200849,1,12
0.774018578092808,2,12
0.804271697111036,2,12
0.802730176055605,2,12
0.798641967698601,1,12
0.834541504190422,2,12
0.849800125840206,1,12
0.816053652164439,1,12
0.81123914526275,1,12
0.839192386188908,2,12
0.843409652718169,1,12
0.830031628582358,2,12
0.798663066823337,2,12
0.798741021152745,1,12
0.850290953224776,2,12
0.813270215792821,2,12
0.829197696800398,1,12
0.831416914671521,1,12
0.787271823930029,1,12
0.816962012694873,2,12
0.788098334447151,2,12
0.834077568763743,1,12
0.778826362377342,1,12
0.777557922671263,2,12
0.842944228932745,2,12
0.848105719522591,1,12
0.886551024937034,1,12
0.84302229928216,2,12
0.804405740042978,1,12
0.812779610984629,2,12
0.827064229742124,2,12
0.790067060205436,2,12
0.835711873671448,2,12
0.814282740974782,2,12
0.812881124183773,1,12
0.833391142980233,2,12
0.772460770316105,1,12
0.822493185602715,2,12
0.80711054802399,1,12
0.798325551033237,1,12
0.861951354473601,1,12
0.773629710125744,2,12
0.790105351068679,2,12
0.801668720696146,2,12
0.885959745468916,2,12
0.838228537419167,1,12
0.769936982018171,2,12
0.810262853730837,2,12
0.802796264607259,2,12
0.849338784011971,1,12
0.796170567147239,2,12
0.870561237712839,1,12
0.803193276317879,2,12
0.818271207831776,1,12
0.810381639087089,1,12
0.851394903840503,2,12
0.789603702745568,1,12
0.820926518403161,1,12
0.801525933390184,2,12
0.807992313162344,1,12
0.844826976150629,2,12
0.828667329782796,2,12
0.836289079338026,1,12
0.824026736463418,2,12
0.774534816137544,1,12
0.786737535420515,1,12
0.856831163140004,1,12
0.795494797027102,2,12
0.813080338625095,2,12
0.762865503310549,2,12
0.815168247314,1,12
0.842724463841301,1,12
0.825911611216125,2,12
0.846733934373704,1,12
0.826185906826422,1,12
0.814394709018509,2,12
0.855062572161447,1,12
0.823624220917456,1,12
0.825870205760592,1,12
0.815364292148,1,12
0.8544758261991,1,12
0.839322386127377,2,12
0.805648999761488,1,12
0.83286960101293,1,12
0.872779075773478,1,12
0.812721540276746,1,12
0.792438296812623,1,12
0.810689372577108,1,12
0.856100647167631,1,12
0.80881575012299,1,12
0.705023865809525,2,12
0.782458560918147,2,12
0.774787962394289,2,12
0.79692596938755,2,12
0.785233155733795,2,12
0.774951897686068,1,12
0.787343552541493,1,12
0.776552526463949,2,12
0.787529212595142,1,12
0.857422796086981,1,12
0.799754355465064,1,12
0.797192177938377,2,12
0.74674738440512,2,12
0.784460447036526,2,12
0.842677514936247,2,12
0.81317041979566,2,12
0.788906773051671,2,12
0.787314886010677,1,12
0.773391293556283,2,12
0.807587687472265,1,12
0.757910911816069,2,12
0.776166005015476,1,12
0.774814660534947,1,12
0.75638551109896,2,12
0.777191823481273,1,12
0.76634329820003,1,12
0.786824095970373,1,12
0.808765998397642,2,12
0.795695879510533,2,12
0.816059725545616,1,12
0.80221993511696,2,12
0.771449648881001,1,12
0.816860813617238,2,12
0.751912733758806,2,12
0.791175641482822,2,12
0.821402844165471,2,12
0.77320794184782,2,12
0.749146208926014,1,12
0.788013733154068,2,12
0.784591549560587,1,12
0.762433907678976,1,12
0.752965902012683,2,12
0.80762197341038,1,12
0.742876180921761,2,12
0.779584297269935,2,12
0.764924383384918,2,12
0.808645875934819,2,12
0.786181332974526,1,12
0.801262110282323,2,12
0.816865702027343,1,12
0.773953824493283,1,12
0.795881150480497,2,12
0.80047176175719,1,12
0.790766398927607,1,12
0.792375136595307,1,12
0.763611739344284,2,12
0.731892784213134,1,12
0.870144788674967,2,12
0.769003030973602,1,12
0.812462445292819,1,12
0.83802062729521,1,12
0.752545998126821,2,12
0.786649220671084,2,12
0.785315143800879,2,12
0.803568570329523,1,12
0.777997190396072,1,12
0.789743948665638,1,12
0.764645333414527,2,12
0.775074659584446,2,12
0.7580770245212,2,12
0.785489153739908,1,12
0.74169672674458,1,12
0.744823264461792,2,12
0.748898222207445,2,12
0.738843439039583,1,12
0.790870123411112,2,12
0.79371724733424,2,12
0.840396311826025,1,12
0.768321834434645,2,12
0.770263503883291,1,12
0.757784280201805,2,12
0.826196859790763,1,12
0.808224768144589,1,12
0.806350315456145,2,12
0.787157626252931,2,12
0.793593002698848,1,12
0.729019400421129,1,12
0.77802622203929,2,12
0.806822686608652,1,12
0.795301800175942,1,12
0.808855703412432,2,12
0.799082508442813,1,12
0.821575148206692,2,12
0.792248587628191,2,12
0.743163178478667,1,12
0.833244102281469,1,13
0.810724215972397,2,13
0.773309761027458,1,13
0.836243013902067,2,13
0.742876913663001,2,13
0.833612073969322,2,13
0.784773595687628,2,13
0.813444854200849,2,13
0.774018578092808,1,13
0.804271697111036,1,13
0.802730176055605,1,13
0.798641967698601,1,13
0.834541504190422,1,13
0.849800125840206,1,13
0.816053652164439,1,13
0.81123914526275,2,13
0.839192386188908,2,13
0.843409652718169,2,13
0.830031628582358,2,13
0.798663066823337,2,13
0.798741021152745,1,13
0.850290953224776,1,13
0.813270215792821,2,13
0.829197696800398,1,13
0.831416914671521,1,13
0.787271823930029,2,13
0.816962012694873,2,13
0.788098334447151,2,13
0.834077568763743,2,13
0.778826362377342,1,13
0.777557922671263,2,13
0.842944228932745,2,13
0.848105719522591,1,13
0.886551024937034,1,13
0.84302229928216,1,13
0.804405740042978,1,13
0.812779610984629,1,13
0.827064229742124,2,13
0.790067060205436,2,13
0.835711873671448,2,13
0.814282740974782,2,13
0.812881124183773,1,13
0.833391142980233,1,13
0.772460770316105,1,13
0.822493185602715,2,13
0.80711054802399,2,13
0.798325551033237,1,13
0.861951354473601,1,13
0.773629710125744,1,13
0.790105351068679,1,13
0.801668720696146,1,13
0.885959745468916,1,13
0.838228537419167,2,13
0.769936982018171,1,13
0.810262853730837,2,13
0.802796264607259,1,13
0.849338784011971,1,13
0.796170567147239,1,13
0.870561237712839,2,13
0.803193276317879,1,13
0.818271207831776,1,13
0.810381639087089,2,13
0.851394903840503,1,13
0.789603702745568,1,13
0.820926518403161,1,13
0.801525933390184,2,13
0.807992313162344,2,13
0.844826976150629,1,13
0.828667329782796,1,13
0.836289079338026,1,13
0.824026736463418,1,13
0.774534816137544,2,13
0.786737535420515,1,13
0.856831163140004,1,13
0.795494797027102,2,13
0.813080338625095,2,13
0.762865503310549,1,13
0.815168247314,1,13
0.842724463841301,2,13
0.825911611216125,1,13
0.846733934373704,2,13
0.826185906826422,1,13
0.814394709018509,2,13
0.855062572161447,1,13
0.823624220917456,1,13
0.825870205760592,1,13
0.815364292148,2,13
0.8544758261991,1,13
0.839322386127377,2,13
0.805648999761488,2,13
0.83286960101293,1,13
0.872779075773478,2,13
0.812721540276746,2,13
0.792438296812623,1,13
0.810689372577108,2,13
0.856100647167631,1,13
0.80881575012299,2,13
0.705023865809525,1,13
0.782458560918147,1,13
0.774787962394289,2,13
0.79692596938755,2,13
0.785233155733795,1,13
0.774951897686068,2,13
0.787343552541493,1,13
0.776552526463949,2,13
0.787529212595142,2,13
0.857422796086981,2,13
0.799754355465064,1,13
0.797192177938377,2,13
0.74674738440512,2,13
0.784460447036526,1,13
0.842677514936247,2,13
0.81317041979566,2,13
0.788906773051671,2,13
0.787314886010677,1,13
0.773391293556283,2,13
0.807587687472265,2,13
0.757910911816069,2,13
0.776166005015476,2,13
0.774814660534947,1,13
0.75638551109896,2,13
0.777191823481273,2,13
0.76634329820003,1,13
0.786824095970373,2,13
0.808765998397642,1,13
0.795695879510533,1,13
0.816059725545616,2,13
0.80221993511696,1,13
0.771449648881001,2,13
0.816860813617238,1,13
0.751912733758806,2,13
0.791175641482822,2,13
0.821402844165471,1,13
0.77320794184782,2,13
0.749146208926014,1,13
0.788013733154068,1,13
0.784591549560587,2,13
0.762433907678976,2,13
0.752965902012683,1,13
0.80762197341038,2,13
0.742876180921761,2,13
0.779584297269935,2,13
0.764924383384918,1,13
0.808645875934819,2,13
0.786181332974526,2,13
0.801262110282323,1,13
0.816865702027343,1,13
0.773953824493283,1,13
0.795881150480497,2,13
0.80047176175719,1,13
0.790766398927607,2,13
0.792375136595307,1,13
0.763611739344284,1,13
0.731892784213134,2,13
0.870144788674967,2,13
0.769003030973602,2,13
0.812462445292819,1,13
0.83802062729521,2,13
0.752545998126821,1,13
0.786649220671084,1,13
0.785315143800879,2,13
0.803568570329523,2,13
0.777997190396072,1,13
0.789743948665638,2,13
0.764645333414527,2,13
0.775074659584446,2,13
0.7580770245212,1,13
0.785489153739908,1,13
0.74169672674458,2,13
0.744823264461792,1,13
0.748898222207445,2,13
0.738843439039583,1,13
0.790870123411112,1,13
0.79371724733424,1,13
0.840396311826025,1,13
0.768321834434645,2,13
0.770263503883291,2,13
0.757784280201805,2,13
0.826196859790763,1,13
0.808224768144589,1,13
0.806350315456145,1,13
0.787157626252931,2,13
0.793593002698848,1,13
0.729019400421129,2,13
0.77802622203929,1,13
0.806822686608652,2,13
0.795301800175942,2,13
0.808855703412432,2,13
0.799082508442813,1,13
0.821575148206692,2,13
0.792248587628191,2,13
0.743163178478667,1,13
0.833244102281469,2,14
0.810724215972397,2,14
0.773309761027458,2,14
0.836243013902067,2,14
0.742876913663001,2,14
0.833612073969322,2,14
0.784773595687628,2,14
0.813444854200849,2,14
0.774018578092808,1,14
0.804271697111036,1,14
0.802730176055605,1,14
0.798641967698601,1,14
0.834541504190422,2,14
0.849800125840206,1,14
0.816053652164439,1,14
0.81123914526275,2,14
0.839192386188908,2,14
0.843409652718169,1,14
0.830031628582358,1,14
0.798663066823337,1,14
0.798741021152745,1,14
0.850290953224776,1,14
0.813270215792821,2,14
0.829197696800398,2,14
0.831416914671521,2,14
0.787271823930029,2,14
0.816962012694873,2,14
0.788098334447151,2,14
0.834077568763743,2,14
0.778826362377342,2,14
0.777557922671263,1,14
0.842944228932745,1,14
0.848105719522591,1,14
0.886551024937034,2,14
0.84302229928216,2,14
0.804405740042978,2,14
0.812779610984629,1,14
0.827064229742124,1,14
0.790067060205436,1,14
0.835711873671448,2,14
0.814282740974782,2,14
0.812881124183773,1,14
0.833391142980233,2,14
0.772460770316105,2,14
0.822493185602715,1,14
0.80711054802399,1,14
0.798325551033237,1,14
0.861951354473601,2,14
0.773629710125744,2,14
0.790105351068679,2,14
0.801668720696146,2,14
0.885959745468916,1,14
0.838228537419167,2,14
0.769936982018171,2,14
0.810262853730837,1,14
0.802796264607259,2,14
0.849338784011971,1,14
0.796170567147239,1,14
0.870561237712839,1,14
0.803193276317879,2,14
0.818271207831776,1,14
0.810381639087089,2,14
0.851394903840503,2,14
0.789603702745568,1,14
0.820926518403161,1,14
0.801525933390184,2,14
0.807992313162344,1,14
0.844826976150629,2,14
0.828667329782796,1,14
0.836289079338026,1,14
0.824026736463418,1,14
0.774534816137544,1,14
0.786737535420515,1,14
0.856831163140004,1,14
0.795494797027102,2,14
0.813080338625095,2,14
0.762865503310549,2,14
0.815168247314,1,14
0.842724463841301,2,14
0.825911611216125,2,14
0.846733934373704,2,14
0.826185906826422,2,14
0.814394709018509,1,14
0.855062572161447,2,14
0.823624220917456,1,14
0.825870205760592,1,14
0.815364292148,1,14
0.8544758261991,2,14
0.839322386127377,2,14
0.805648999761488,1,14
0.83286960101293,1,14
0.872779075773478,2,14
0.812721540276746,2,14
0.792438296812623,1,14
0.810689372577108,1,14
0.856100647167631,2,14
0.80881575012299,2,14
0.705023865809525,1,14
0.782458560918147,2,14
0.774787962394289,1,14
0.79692596938755,1,14
0.785233155733795,1,14
0.774951897686068,1,14
0.787343552541493,2,14
0.776552526463949,2,14
0.787529212595142,2,14
0.857422796086981,1,14
0.799754355465064,1,14
0.797192177938377,2,14
0.74674738440512,1,14
0.784460447036526,2,14
0.842677514936247,1,14
0.81317041979566,1,14
0.788906773051671,1,14
0.787314886010677,1,14
0.773391293556283,2,14
0.807587687472265,1,14
0.757910911816069,2,14
0.776166005015476,1,14
0.774814660534947,1,14
0.75638551109896,2,14
0.777191823481273,2,14
0.76634329820003,2,14
0.786824095970373,2,14
0.808765998397642,2,14
0.795695879510533,2,14
0.816059725545616,1,14
0.80221993511696,2,14
0.771449648881001,1,14
0.816860813617238,1,14
0.751912733758806,2,14
0.791175641482822,1,14
0.821402844165471,1,14
0.77320794184782,1,14
0.749146208926014,2,14
0.788013733154068,2,14
0.784591549560587,2,14
0.762433907678976,1,14
0.752965902012683,1,14
0.80762197341038,1,14
0.742876180921761,1,14
0.779584297269935,1,14
0.764924383384918,1,14
0.808645875934819,1,14
0.786181332974526,2,14
0.801262110282323,2,14
0.816865702027343,2,14
0.773953824493283,2,14
0.795881150480497,1,14
0.80047176175719,1,14
0.790766398927607,2,14
0.792375136595307,1,14
0.763611739344284,1,14
0.731892784213134,2,14
0.870144788674967,2,14
0.769003030973602,2,14
0.812462445292819,1,14
0.83802062729521,1,14
0.752545998126821,1,14
0.786649220671084,2,14
0.785315143800879,2,14
0.803568570329523,1,14
0.777997190396072,1,14
0.789743948665638,1,14
0.764645333414527,1,14
0.775074659584446,1,14
0.7580770245212,1,14
0.785489153739908,2,14
0.74169672674458,2,14
0.744823264461792,2,14
0.748898222207445,2,14
0.738843439039583,2,14
0.790870123411112,1,14
0.79371724733424,2,14
0.840396311826025,2,14
0.768321834434645,2,14
0.770263503883291,2,14
0.757784280201805,2,14
0.826196859790763,1,14
0.808224768144589,2,14
0.806350315456145,1,14
0.787157626252931,2,14
0.793593002698848,1,14
0.729019400421129,2,14
0.77802622203929,1,14
0.806822686608652,1,14
0.795301800175942,2,14
0.808855703412432,1,14
0.799082508442813,1,14
0.821575148206692,2,14
0.792248587628191,1,14
0.743163178478667,1,14
0.833244102281469,1,15
0.810724215972397,1,15
0.773309761027458,1,15
0.836243013902067,2,15
0.742876913663001,2,15
0.833612073969322,2,15
0.784773595687628,1,15
0.813444854200849,1,15
0.774018578092808,2,15
0.804271697111036,2,15
0.802730176055605,2,15
0.798641967698601,2,15
0.834541504190422,1,15
0.849800125840206,2,15
0.816053652164439,1,15
0.81123914526275,1,15
0.839192386188908,1,15
0.843409652718169,2,15
0.830031628582358,2,15
0.798663066823337,1,15
0.798741021152745,2,15
0.850290953224776,2,15
0.813270215792821,2,15
0.829197696800398,1,15
0.831416914671521,1,15
0.787271823930029,2,15
0.816962012694873,1,15
0.788098334447151,1,15
0.834077568763743,2,15
0.778826362377342,2,15
0.777557922671263,1,15
0.842944228932745,1,15
0.848105719522591,2,15
0.886551024937034,1,15
0.84302229928216,2,15
0.804405740042978,2,15
0.812779610984629,1,15
0.827064229742124,1,15
0.790067060205436,2,15
0.835711873671448,2,15
0.814282740974782,1,15
0.812881124183773,1,15
0.833391142980233,1,15
0.772460770316105,2,15
0.822493185602715,1,15
0.80711054802399,1,15
0.798325551033237,1,15
0.861951354473601,2,15
0.773629710125744,2,15
0.790105351068679,2,15
0.801668720696146,2,15
0.885959745468916,1,15
0.838228537419167,1,15
0.769936982018171,2,15
0.810262853730837,2,15
0.802796264607259,2,15
0.849338784011971,2,15
0.796170567147239,2,15
0.870561237712839,2,15
0.803193276317879,2,15
0.818271207831776,2,15
0.810381639087089,1,15
0.851394903840503,1,15
0.789603702745568,2,15
0.820926518403161,1,15
0.801525933390184,1,15
0.807992313162344,1,15
0.844826976150629,1,15
0.828667329782796,1,15
0.836289079338026,2,15
0.824026736463418,2,15
0.774534816137544,1,15
0.786737535420515,2,15
0.856831163140004,2,15
0.795494797027102,2,15
0.813080338625095,1,15
0.762865503310549,2,15
0.815168247314,1,15
0.842724463841301,2,15
0.825911611216125,2,15
0.846733934373704,2,15
0.826185906826422,1,15
0.814394709018509,1,15
0.855062572161447,2,15
0.823624220917456,1,15
0.825870205760592,1,15
0.815364292148,2,15
0.8544758261991,1,15
0.839322386127377,2,15
0.805648999761488,2,15
0.83286960101293,2,15
0.872779075773478,1,15
0.812721540276746,2,15
0.792438296812623,1,15
0.810689372577108,2,15
0.856100647167631,1,15
0.80881575012299,1,15
0.705023865809525,2,15
0.782458560918147,2,15
0.774787962394289,2,15
0.79692596938755,1,15
0.785233155733795,2,15
0.774951897686068,1,15
0.787343552541493,2,15
0.776552526463949,1,15
0.787529212595142,1,15
0.857422796086981,2,15
0.799754355465064,2,15
0.797192177938377,2,15
0.74674738440512,2,15
0.784460447036526,1,15
0.842677514936247,2,15
0.81317041979566,1,15
0.788906773051671,2,15
0.787314886010677,1,15
0.773391293556283,1,15
0.807587687472265,1,15
0.757910911816069,2,15
0.776166005015476,1,15
0.774814660534947,2,15
0.75638551109896,1,15
0.777191823481273,1,15
0.76634329820003,1,15
0.786824095970373,1,15
0.808765998397642,1,15
0.795695879510533,1,15
0.816059725545616,1,15
0.80221993511696,2,15
0.771449648881001,2,15
0.816860813617238,2,15
0.751912733758806,2,15
0.791175641482822,1,15
0.821402844165471,2,15
0.77320794184782,1,15
0.749146208926014,1,15
0.788013733154068,1,15
0.784591549560587,2,15
0.762433907678976,1,15
0.752965902012683,2,15
0.80762197341038,2,15
0.742876180921761,1,15
0.779584297269935,2,15
0.764924383384918,2,15
0.808645875934819,2,15
0.786181332974526,2,15
0.801262110282323,2,15
0.816865702027343,1,15
0.773953824493283,1,15
0.795881150480497,1,15
0.80047176175719,1,15
0.790766398927607,2,15
0.792375136595307,1,15
0.763611739344284,1,15
0.731892784213134,2,15
0.870144788674967,1,15
0.769003030973602,2,15
0.812462445292819,2,15
0.83802062729521,1,15
0.752545998126821,1,15
0.786649220671084,1,15
0.785315143800879,1,15
0.803568570329523,1,15
0.777997190396072,2,15
0.789743948665638,1,15
0.764645333414527,2,15
0.775074659584446,2,15
0.7580770245212,2,15
0.785489153739908,1,15
0.74169672674458,2,15
0.744823264461792,1,15
0.748898222207445,1,15
0.738843439039583,2,15
0.790870123411112,2,15
0.79371724733424,1,15
0.840396311826025,2,15
0.768321834434645,2,15
0.770263503883291,1,15
0.757784280201805,2,15
0.826196859790763,2,15
0.808224768144589,1,15
0.806350315456145,2,15
0.787157626252931,2,15
0.793593002698848,1,15
0.729019400421129,2,15
0.77802622203929,2,15
0.806822686608652,1,15
0.795301800175942,1,15
0.808855703412432,1,15
0.799082508442813,1,15
0.821575148206692,1,15
0.792248587628191,1,15
0.743163178478667,1,15
0.833244102281469,1,16
0.810724215972397,2,16
0.773309761027458,2,16
0.836243013902067,2,16
0.742876913663001,2,16
0.833612073969322,2,16
0.784773595687628,2,16
0.813444854200849,2,16
0.774018578092808,2,16
0.804271697111036,1,16
0.802730176055605,1,16
0.798641967698601,2,16
0.834541504190422,1,16
0.849800125840206,1,16
0.816053652164439,1,16
0.81123914526275,1,16
0.839192386188908,1,16
0.843409652718169,2,16
0.830031628582358,2,16
0.798663066823337,1,16
0.798741021152745,1,16
0.850290953224776,1,16
0.813270215792821,2,16
0.829197696800398,2,16
0.831416914671521,2,16
0.787271823930029,2,16
0.816962012694873,1,16
0.788098334447151,2,16
0.834077568763743,1,16
0.778826362377342,1,16
0.777557922671263,2,16
0.842944228932745,1,16
0.848105719522591,2,16
0.886551024937034,2,16
0.84302229928216,1,16
0.804405740042978,1,16
0.812779610984629,1,16
0.827064229742124,1,16
0.790067060205436,1,16
0.835711873671448,2,16
0.814282740974782,1,16
0.812881124183773,2,16
0.833391142980233,1,16
0.772460770316105,2,16
0.822493185602715,2,16
0.80711054802399,1,16
0.798325551033237,1,16
0.861951354473601,2,16
0.773629710125744,1,16
0.790105351068679,2,16
0.801668720696146,2,16
0.885959745468916,2,16
0.838228537419167,1,16
0.769936982018171,2,16
0.810262853730837,1,16
0.802796264607259,2,16
0.849338784011971,2,16
0.796170567147239,1,16
0.870561237712839,1,16
0.803193276317879,1,16
0.818271207831776,2,16
0.810381639087089,1,16
0.851394903840503,2,16
0.789603702745568,1,16
0.820926518403161,2,16
0.801525933390184,2,16
0.807992313162344,1,16
0.844826976150629,2,16
0.828667329782796,2,16
0.836289079338026,2,16
0.824026736463418,2,16
0.774534816137544,2,16
0.786737535420515,2,16
0.856831163140004,1,16
0.795494797027102,1,16
0.813080338625095,2,16
0.762865503310549,1,16
0.815168247314,2,16
0.842724463841301,1,16
0.825911611216125,1,16
0.846733934373704,2,16
0.826185906826422,1,16
0.814394709018509,1,16
0.855062572161447,1,16
0.823624220917456,2,16
0.825870205760592,1,16
0.815364292148,1,16
0.8544758261991,2,16
0.839322386127377,1,16
0.805648999761488,1,16
0.83286960101293,1,16
0.872779075773478,2,16
0.812721540276746,2,16
0.792438296812623,2,16
0.810689372577108,1,16
0.856100647167631,2,16
0.80881575012299,1,16
0.705023865809525,1,16
0.782458560918147,2,16
0.774787962394289,1,16
0.79692596938755,2,16
0.785233155733795,1,16
0.774951897686068,1,16
0.787343552541493,2,16
0.776552526463949,1,16
0.787529212595142,1,16
0.857422796086981,2,16
0.799754355465064,2,16
0.797192177938377,2,16
0.74674738440512,1,16
0.784460447036526,1,16
0.842677514936247,2,16
0.81317041979566,2,16
0.788906773051671,2,16
0.787314886010677,1,16
0.773391293556283,2,16
0.807587687472265,2,16
0.757910911816069,2,16
0.776166005015476,1,16
0.774814660534947,1,16
0.75638551109896,1,16
0.777191823481273,1,16
0.76634329820003,2,16
0.786824095970373,1,16
0.808765998397642,1,16
0.795695879510533,1,16
0.816059725545616,1,16
0.80221993511696,1,16
0.771449648881001,2,16
0.816860813617238,1,16
0.751912733758806,2,16
0.791175641482822,1,16
0.821402844165471,1,16
0.77320794184782,1,16
0.749146208926014,2,16
0.788013733154068,1,16
0.784591549560587,1,16
0.762433907678976,2,16
0.752965902012683,1,16
0.80762197341038,2,16
0.742876180921761,1,16
0.779584297269935,2,16
0.764924383384918,2,16
0.808645875934819,2,16
0.786181332974526,1,16
0.801262110282323,1,16
0.816865702027343,2,16
0.773953824493283,2,16
0.795881150480497,2,16
0.80047176175719,2,16
0.790766398927607,2,16
0.792375136595307,1,16
0.763611739344284,2,16
0.731892784213134,1,16
0.870144788674967,2,16
0.769003030973602,1,16
0.812462445292819,2,16
0.83802062729521,1,16
0.752545998126821,2,16
0.786649220671084,2,16
0.785315143800879,1,16
0.803568570329523,1,16
0.777997190396072,2,16
0.789743948665638,2,16
0.764645333414527,1,16
0.775074659584446,1,16
0.7580770245212,1,16
0.785489153739908,2,16
0.74169672674458,1,16
0.744823264461792,2,16
0.748898222207445,1,16
0.738843439039583,2,16
0.790870123411112,2,16
0.79371724733424,2,16
0.840396311826025,2,16
0.768321834434645,2,16
0.770263503883291,1,16
0.757784280201805,2,16
0.826196859790763,2,16
0.808224768144589,1,16
0.806350315456145,1,16
0.787157626252931,2,16
0.793593002698848,2,16
0.729019400421129,1,16
0.77802622203929,2,16
0.806822686608652,2,16
0.795301800175942,2,16
0.808855703412432,1,16
0.799082508442813,1,16
0.821575148206692,1,16
0.792248587628191,1,16
0.743163178478667,1,16
0.833244102281469,2,17
0.810724215972397,1,17
0.773309761027458,1,17
0.836243013902067,1,17
0.742876913663001,2,17
0.833612073969322,1,17
0.784773595687628,2,17
0.813444854200849,1,17
0.774018578092808,1,17
0.804271697111036,1,17
0.802730176055605,2,17
0.798641967698601,1,17
0.834541504190422,2,17
0.849800125840206,1,17
0.816053652164439,2,17
0.81123914526275,1,17
0.839192386188908,2,17
0.843409652718169,1,17
0.830031628582358,1,17
0.798663066823337,2,17
0.798741021152745,1,17
0.850290953224776,2,17
0.813270215792821,1,17
0.829197696800398,1,17
0.831416914671521,2,17
0.787271823930029,2,17
0.816962012694873,1,17
0.788098334447151,1,17
0.834077568763743,2,17
0.778826362377342,1,17
0.777557922671263,2,17
0.842944228932745,2,17
0.848105719522591,2,17
0.886551024937034,2,17
0.84302229928216,1,17
0.804405740042978,2,17
0.812779610984629,1,17
0.827064229742124,2,17
0.790067060205436,2,17
0.835711873671448,1,17
0.814282740974782,1,17
0.812881124183773,1,17
0.833391142980233,1,17
0.772460770316105,2,17
0.822493185602715,1,17
0.80711054802399,2,17
0.798325551033237,1,17
0.861951354473601,2,17
0.773629710125744,2,17
0.790105351068679,2,17
0.801668720696146,2,17
0.885959745468916,2,17
0.838228537419167,1,17
0.769936982018171,1,17
0.810262853730837,2,17
0.802796264607259,2,17
0.849338784011971,1,17
0.796170567147239,2,17
0.870561237712839,2,17
0.803193276317879,2,17
0.818271207831776,2,17
0.810381639087089,1,17
0.851394903840503,1,17
0.789603702745568,2,17
0.820926518403161,2,17
0.801525933390184,1,17
0.807992313162344,1,17
0.844826976150629,2,17
0.828667329782796,2,17
0.836289079338026,1,17
0.824026736463418,1,17
0.774534816137544,1,17
0.786737535420515,2,17
0.856831163140004,1,17
0.795494797027102,1,17
0.813080338625095,2,17
0.762865503310549,1,17
0.815168247314,1,17
0.842724463841301,2,17
0.825911611216125,1,17
0.846733934373704,2,17
0.826185906826422,1,17
0.814394709018509,2,17
0.855062572161447,2,17
0.823624220917456,2,17
0.825870205760592,2,17
0.815364292148,2,17
0.8544758261991,2,17
0.839322386127377,2,17
0.805648999761488,1,17
0.83286960101293,1,17
0.872779075773478,1,17
0.812721540276746,2,17
0.792438296812623,2,17
0.810689372577108,2,17
0.856100647167631,1,17
0.80881575012299,2,17
0.705023865809525,1,17
0.782458560918147,1,17
0.774787962394289,1,17
0.79692596938755,2,17
0.785233155733795,1,17
0.774951897686068,1,17
0.787343552541493,2,17
0.776552526463949,1,17
0.787529212595142,1,17
0.857422796086981,1,17
0.799754355465064,1,17
0.797192177938377,2,17
0.74674738440512,2,17
0.784460447036526,2,17
0.842677514936247,2,17
0.81317041979566,2,17
0.788906773051671,2,17
0.787314886010677,1,17
0.773391293556283,1,17
0.807587687472265,1,17
0.757910911816069,1,17
0.776166005015476,2,17
0.774814660534947,1,17
0.75638551109896,2,17
0.777191823481273,1,17
0.76634329820003,2,17
0.786824095970373,1,17
0.808765998397642,2,17
0.795695879510533,1,17
0.816059725545616,2,17
0.80221993511696,2,17
0.771449648881001,2,17
0.816860813617238,2,17
0.751912733758806,2,17
0.791175641482822,1,17
0.821402844165471,1,17
0.77320794184782,1,17
0.749146208926014,2,17
0.788013733154068,1,17
0.784591549560587,1,17
0.762433907678976,1,17
0.752965902012683,1,17
0.80762197341038,1,17
0.742876180921761,1,17
0.779584297269935,1,17
0.764924383384918,2,17
0.808645875934819,2,17
0.786181332974526,1,17
0.801262110282323,2,17
0.816865702027343,2,17
0.773953824493283,1,17
0.795881150480497,2,17
0.80047176175719,2,17
0.790766398927607,2,17
0.792375136595307,2,17
0.763611739344284,1,17
0.731892784213134,1,17
0.870144788674967,2,17
0.769003030973602,1,17
0.812462445292819,2,17
0.83802062729521,2,17
0.752545998126821,1,17
0.786649220671084,2,17
0.785315143800879,1,17
0.803568570329523,1,17
0.777997190396072,1,17
0.789743948665638,2,17
0.764645333414527,2,17
0.775074659584446,1,17
0.7580770245212,2,17
0.785489153739908,1,17
0.74169672674458,2,17
0.744823264461792,1,17
0.748898222207445,1,17
0.738843439039583,1,17
0.790870123411112,1,17
0.79371724733424,2,17
0.840396311826025,2,17
0.768321834434645,2,17
0.770263503883291,1,17
0.757784280201805,1,17
0.826196859790763,2,17
0.808224768144589,2,17
0.806350315456145,1,17
0.787157626252931,2,17
0.793593002698848,1,17
0.729019400421129,2,17
0.77802622203929,1,17
0.806822686608652,2,17
0.795301800175942,2,17
0.808855703412432,1,17
0.799082508442813,2,17
0.821575148206692,2,17
0.792248587628191,1,17
0.743163178478667,1,17
0.833244102281469,2,18
0.810724215972397,1,18
0.773309761027458,1,18
0.836243013902067,2,18
0.742876913663001,1,18
0.833612073969322,2,18
0.784773595687628,1,18
0.813444854200849,2,18
0.774018578092808,1,18
0.804271697111036,2,18
0.802730176055605,2,18
0.798641967698601,1,18
0.834541504190422,2,18
0.849800125840206,1,18
0.816053652164439,2,18
0.81123914526275,1,18
0.839192386188908,2,18
0.843409652718169,1,18
0.830031628582358,1,18
0.798663066823337,2,18
0.798741021152745,1,18
0.850290953224776,2,18
0.813270215792821,1,18
0.829197696800398,1,18
0.831416914671521,2,18
0.787271823930029,2,18
0.816962012694873,2,18
0.788098334447151,2,18
0.834077568763743,2,18
0.778826362377342,2,18
0.777557922671263,2,18
0.842944228932745,2,18
0.848105719522591,1,18
0.886551024937034,1,18
0.84302229928216,2,18
0.804405740042978,2,18
0.812779610984629,2,18
0.827064229742124,1,18
0.790067060205436,1,18
0.835711873671448,2,18
0.814282740974782,2,18
0.812881124183773,2,18
0.833391142980233,1,18
0.772460770316105,1,18
0.822493185602715,1,18
0.80711054802399,1,18
0.798325551033237,1,18
0.861951354473601,1,18
0.773629710125744,1,18
0.790105351068679,2,18
0.801668720696146,1,18
0.885959745468916,2,18
0.838228537419167,2,18
0.769936982018171,1,18
0.810262853730837,1,18
0.802796264607259,1,18
0.849338784011971,1,18
0.796170567147239,1,18
0.870561237712839,1,18
0.803193276317879,1,18
0.818271207831776,1,18
0.810381639087089,1,18
0.851394903840503,1,18
0.789603702745568,2,18
0.820926518403161,1,18
0.801525933390184,2,18
0.807992313162344,1,18
0.844826976150629,1,18
0.828667329782796,1,18
0.836289079338026,2,18
0.824026736463418,1,18
0.774534816137544,1,18
0.786737535420515,1,18
0.856831163140004,1,18
0.795494797027102,2,18
0.813080338625095,2,18
0.762865503310549,2,18
0.815168247314,2,18
0.842724463841301,1,18
0.825911611216125,2,18
0.846733934373704,2,18
0.826185906826422,1,18
0.814394709018509,1,18
0.855062572161447,2,18
0.823624220917456,2,18
0.825870205760592,1,18
0.815364292148,2,18
0.8544758261991,2,18
0.839322386127377,1,18
0.805648999761488,2,18
0.83286960101293,1,18
0.872779075773478,2,18
0.812721540276746,1,18
0.792438296812623,1,18
0.810689372577108,1,18
0.856100647167631,1,18
0.80881575012299,1,18
0.705023865809525,2,18
0.782458560918147,2,18
0.774787962394289,2,18
0.79692596938755,2,18
0.785233155733795,1,18
0.774951897686068,1,18
0.787343552541493,2,18
0.776552526463949,1,18
0.787529212595142,1,18
0.857422796086981,1,18
0.799754355465064,1,18
0.797192177938377,1,18
0.74674738440512,2,18
0.784460447036526,2,18
0.842677514936247,2,18
0.81317041979566,1,18
0.788906773051671,1,18
0.787314886010677,1,18
0.773391293556283,2,18
0.807587687472265,2,18
0.757910911816069,1,18
0.776166005015476,1,18
0.774814660534947,1,18
0.75638551109896,2,18
0.777191823481273,1,18
0.76634329820003,2,18
0.786824095970373,2,18
0.808765998397642,2,18
0.795695879510533,2,18
0.816059725545616,2,18
0.80221993511696,2,18
0.771449648881001,1,18
0.816860813617238,2,18
0.751912733758806,2,18
0.791175641482822,1,18
0.821402844165471,2,18
0.77320794184782,1,18
0.749146208926014,1,18
0.788013733154068,1,18
0.784591549560587,2,18
0.762433907678976,1,18
0.752965902012683,2,18
0.80762197341038,2,18
0.742876180921761,2,18
0.779584297269935,2,18
0.764924383384918,2,18
0.808645875934819,2,18
0.786181332974526,1,18
0.801262110282323,1,18
0.816865702027343,2,18
0.773953824493283,2,18
0.795881150480497,1,18
0.80047176175719,1,18
0.790766398927607,1,18
0.792375136595307,1,18
0.763611739344284,2,18
0.731892784213134,1,18
0.870144788674967,2,18
0.769003030973602,2,18
0.812462445292819,2,18
0.83802062729521,1,18
0.752545998126821,1,18
0.786649220671084,2,18
0.785315143800879,1,18
0.803568570329523,1,18
0.777997190396072,2,18
0.789743948665638,1,18
0.764645333414527,1,18
0.775074659584446,2,18
0.7580770245212,2,18
0.785489153739908,2,18
0.74169672674458,2,18
0.744823264461792,1,18
0.748898222207445,2,18
0.738843439039583,2,18
0.790870123411112,1,18
0.79371724733424,1,18
0.840396311826025,2,18
0.768321834434645,1,18
0.770263503883291,1,18
0.757784280201805,2,18
0.826196859790763,1,18
0.808224768144589,2,18
0.806350315456145,2,18
0.787157626252931,2,18
0.793593002698848,1,18
0.729019400421129,1,18
0.77802622203929,2,18
0.806822686608652,2,18
0.795301800175942,2,18
0.808855703412432,2,18
0.799082508442813,2,18
0.821575148206692,1,18
0.792248587628191,2,18
0.743163178478667,2,18
0.833244102281469,1,19
0.810724215972397,1,19
0.773309761027458,2,19
0.836243013902067,2,19
0.742876913663001,1,19
0.833612073969322,2,19
0.784773595687628,1,19
0.813444854200849,2,19
0.774018578092808,1,19
0.804271697111036,1,19
0.802730176055605,2,19
0.798641967698601,1,19
0.834541504190422,2,19
0.849800125840206,2,19
0.816053652164439,1,19
0.81123914526275,1,19
0.839192386188908,2,19
0.843409652718169,1,19
0.830031628582358,1,19
0.798663066823337,1,19
0.798741021152745,1,19
0.850290953224776,1,19
0.813270215792821,2,19
0.829197696800398,1,19
0.831416914671521,2,19
0.787271823930029,2,19
0.816962012694873,1,19
0.788098334447151,2,19
0.834077568763743,2,19
0.778826362377342,1,19
0.777557922671263,2,19
0.842944228932745,2,19
0.848105719522591,2,19
0.886551024937034,2,19
0.84302229928216,1,19
0.804405740042978,2,19
0.812779610984629,2,19
0.827064229742124,2,19
0.790067060205436,1,19
0.835711873671448,2,19
0.814282740974782,2,19
0.812881124183773,1,19
0.833391142980233,2,19
0.772460770316105,1,19
0.822493185602715,1,19
0.80711054802399,2,19
0.798325551033237,2,19
0.861951354473601,1,19
0.773629710125744,2,19
0.790105351068679,2,19
0.801668720696146,1,19
0.885959745468916,1,19
0.838228537419167,1,19
0.769936982018171,1,19
0.810262853730837,2,19
0.802796264607259,1,19
0.849338784011971,2,19
0.796170567147239,2,19
0.870561237712839,2,19
0.803193276317879,1,19
0.818271207831776,1,19
0.810381639087089,2,19
0.851394903840503,2,19
0.789603702745568,1,19
0.820926518403161,2,19
0.801525933390184,2,19
0.807992313162344,1,19
0.844826976150629,1,19
0.828667329782796,1,19
0.836289079338026,1,19
0.824026736463418,2,19
0.774534816137544,1,19
0.786737535420515,1,19
0.856831163140004,2,19
0.795494797027102,1,19
0.813080338625095,1,19
0.762865503310549,2,19
0.815168247314,1,19
0.842724463841301,1,19
0.825911611216125,2,19
0.846733934373704,2,19
0.826185906826422,1,19
0.814394709018509,2,19
0.855062572161447,1,19
0.823624220917456,1,19
0.825870205760592,2,19
0.815364292148,2,19
0.8544758261991,2,19
0.839322386127377,2,19
0.805648999761488,2,19
0.83286960101293,2,19
0.872779075773478,2,19
0.812721540276746,2,19
0.792438296812623,2,19
0.810689372577108,1,19
0.856100647167631,2,19
0.80881575012299,1,19
0.705023865809525,1,19
0.782458560918147,1,19
0.774787962394289,1,19
0.79692596938755,1,19
0.785233155733795,2,19
0.774951897686068,1,19
0.787343552541493,1,19
0.776552526463949,1,19
0.787529212595142,1,19
0.857422796086981,2,19
0.799754355465064,1,19
0.797192177938377,1,19
0.74674738440512,2,19
0.784460447036526,1,19
0.842677514936247,1,19
0.81317041979566,1,19
0.788906773051671,1,19
0.787314886010677,2,19
0.773391293556283,1,19
0.807587687472265,2,19
0.757910911816069,1,19
0.776166005015476,2,19
0.774814660534947,1,19
0.75638551109896,2,19
0.777191823481273,1,19
0.76634329820003,1,19
0.786824095970373,2,19
0.808765998397642,2,19
0.795695879510533,1,19
0.816059725545616,2,19
0.80221993511696,2,19
0.771449648881001,2,19
0.816860813617238,1,19
0.751912733758806,2,19
0.791175641482822,2,19
0.821402844165471,2,19
0.77320794184782,2,19
0.749146208926014,1,19
0.788013733154068,2,19
0.784591549560587,2,19
0.762433907678976,1,19
0.752965902012683,1,19
0.80762197341038,1,19
0.742876180921761,2,19
0.779584297269935,2,19
0.764924383384918,2,19
0.808645875934819,1,19
0.786181332974526,2,19
0.801262110282323,1,19
0.816865702027343,2,19
0.773953824493283,1,19
0.795881150480497,1,19
0.80047176175719,1,19
0.790766398927607,2,19
0.792375136595307,1,19
0.763611739344284,2,19
0.731892784213134,1,19
0.870144788674967,2,19
0.769003030973602,1,19
0.812462445292819,1,19
0.83802062729521,1,19
0.752545998126821,1,19
0.786649220671084,2,19
0.785315143800879,1,19
0.803568570329523,1,19
0.777997190396072,1,19
0.789743948665638,1,19
0.764645333414527,1,19
0.775074659584446,2,19
0.7580770245212,1,19
0.785489153739908,1,19
0.74169672674458,2,19
0.744823264461792,1,19
0.748898222207445,2,19
0.738843439039583,2,19
0.790870123411112,1,19
0.79371724733424,2,19
0.840396311826025,1,19
0.768321834434645,2,19
0.770263503883291,1,19
0.757784280201805,2,19
0.826196859790763,2,19
0.808224768144589,2,19
0.806350315456145,2,19
0.787157626252931,2,19
0.793593002698848,2,19
0.729019400421129,2,19
0.77802622203929,1,19
0.806822686608652,2,19
0.795301800175942,2,19
0.808855703412432,2,19
0.799082508442813,1,19
0.821575148206692,1,19
0.792248587628191,2,19
0.743163178478667,2,19
0.833244102281469,1,20
0.810724215972397,1,20
0.773309761027458,1,20
0.836243013902067,2,20
0.742876913663001,2,20
0.833612073969322,1,20
0.784773595687628,1,20
0.813444854200849,2,20
0.774018578092808,2,20
0.804271697111036,1,20
0.802730176055605,1,20
0.798641967698601,1,20
0.834541504190422,1,20
0.849800125840206,1,20
0.816053652164439,1,20
0.81123914526275,1,20
0.839192386188908,1,20
0.843409652718169,2,20
0.830031628582358,1,20
0.798663066823337,1,20
0.798741021152745,2,20
0.850290953224776,2,20
0.813270215792821,2,20
0.829197696800398,1,20
0.831416914671521,2,20
0.787271823930029,1,20
0.816962012694873,1,20
0.788098334447151,2,20
0.834077568763743,2,20
0.778826362377342,2,20
0.777557922671263,1,20
0.842944228932745,2,20
0.848105719522591,1,20
0.886551024937034,2,20
0.84302229928216,2,20
0.804405740042978,2,20
0.812779610984629,2,20
0.827064229742124,2,20
0.790067060205436,1,20
0.835711873671448,1,20
0.814282740974782,1,20
0.812881124183773,2,20
0.833391142980233,2,20
0.772460770316105,2,20
0.822493185602715,1,20
0.80711054802399,2,20
0.798325551033237,2,20
0.861951354473601,1,20
0.773629710125744,2,20
0.790105351068679,2,20
0.801668720696146,2,20
0.885959745468916,1,20
0.838228537419167,1,20
0.769936982018171,1,20
0.810262853730837,2,20
0.802796264607259,2,20
0.849338784011971,2,20
0.796170567147239,2,20
0.870561237712839,2,20
0.803193276317879,2,20
0.818271207831776,2,20
0.810381639087089,1,20
0.851394903840503,2,20
0.789603702745568,2,20
0.820926518403161,1,20
0.801525933390184,2,20
0.807992313162344,2,20
0.844826976150629,2,20
0.828667329782796,1,20
0.836289079338026,1,20
0.824026736463418,1,20
0.774534816137544,2,20
0.786737535420515,1,20
0.856831163140004,2,20
0.795494797027102,1,20
0.813080338625095,1,20
0.762865503310549,2,20
0.815168247314,1,20
0.842724463841301,1,20
0.825911611216125,1,20
0.846733934373704,2,20
0.826185906826422,2,20
0.814394709018509,2,20
0.855062572161447,2,20
0.823624220917456,2,20
0.825870205760592,1,20
0.815364292148,1,20
0.8544758261991,1,20
0.839322386127377,1,20
0.805648999761488,1,20
0.83286960101293,2,20
0.872779075773478,2,20
0.812721540276746,1,20
0.792438296812623,2,20
0.810689372577108,2,20
0.856100647167631,1,20
0.80881575012299,2,20
0.705023865809525,2,20
0.782458560918147,1,20
0.774787962394289,2,20
0.79692596938755,2,20
0.785233155733795,1,20
0.774951897686068,2,20
0.787343552541493,2,20
0.776552526463949,1,20
0.787529212595142,1,20
0.857422796086981,2,20
0.799754355465064,1,20
0.797192177938377,1,20
0.74674738440512,2,20
0.784460447036526,1,20
0.842677514936247,2,20
0.81317041979566,1,20
0.788906773051671,1,20
0.787314886010677,1,20
0.773391293556283,2,20
0.807587687472265,1,20
0.757910911816069,2,20
0.776166005015476,2,20
0.774814660534947,1,20
0.75638551109896,1,20
0.777191823481273,2,20
0.76634329820003,1,20
0.786824095970373,1,20
0.808765998397642,2,20
0.795695879510533,1,20
0.816059725545616,2,20
0.80221993511696,1,20
0.771449648881001,1,20
0.816860813617238,2,20
0.751912733758806,2,20
0.791175641482822,1,20
0.821402844165471,2,20
0.77320794184782,1,20
0.749146208926014,1,20
0.788013733154068,2,20
0.784591549560587,2,20
0.762433907678976,2,20
0.752965902012683,1,20
0.80762197341038,2,20
0.742876180921761,1,20
0.779584297269935,1,20
0.764924383384918,2,20
0.808645875934819,1,20
0.786181332974526,2,20
0.801262110282323,1,20
0.816865702027343,1,20
0.773953824493283,2,20
0.795881150480497,2,20
0.80047176175719,1,20
0.790766398927607,2,20
0.792375136595307,1,20
0.763611739344284,2,20
0.731892784213134,2,20
0.870144788674967,1,20
0.769003030973602,2,20
0.812462445292819,1,20
0.83802062729521,2,20
0.752545998126821,2,20
0.786649220671084,1,20
0.785315143800879,2,20
0.803568570329523,1,20
0.777997190396072,2,20
0.789743948665638,1,20
0.764645333414527,1,20
0.775074659584446,1,20
0.7580770245212,1,20
0.785489153739908,1,20
0.74169672674458,2,20
0.744823264461792,1,20
0.748898222207445,1,20
0.738843439039583,1,20
0.790870123411112,1,20
0.79371724733424,2,20
0.840396311826025,2,20
0.768321834434645,2,20
0.770263503883291,2,20
0.757784280201805,2,20
0.826196859790763,1,20
0.808224768144589,1,20
0.806350315456145,1,20
0.787157626252931,1,20
0.793593002698848,2,20
0.729019400421129,1,20
0.77802622203929,1,20
0.806822686608652,2,20
0.795301800175942,2,20
0.808855703412432,2,20
0.799082508442813,2,20
0.821575148206692,1,20
0.792248587628191,2,20
0.743163178478667,1,20
