"group","values",".sample"
1,0.282021691091359,1
1,2.57188453698967,1
1,0.0317615922540426,1
1,0.389046822208911,1
1,0.684412511065602,1
2,0.716374243356686,1
1,2.024580668574,1
1,0.935942672151041,1
1,1.87937616734746,1
1,0.101937607578518,1
2,4.18803440381713,1
1,0.457680913154036,1
1,0.20532494489582,1
1,1.477048125034,1
1,0.302160221152008,1
1,0.38819438079372,1
1,0.392171438783407,1
1,0.182594558677643,1
2,0.386167389907562,1
1,1.16350807152213,1
2,0.101575056090951,1
1,1.00244224439831,1
1,1.02738513979585,1
1,2.67775627399299,1
1,0.216544273793512,1
1,0.824994428972614,1
1,1.3029458168474,1
1,1.14670709306128,1
1,0.777876964728248,1
2,0.169100228366628,1
2,3.3234436510313,1
1,0.13218335238638,1
2,0.965218469056449,1
1,1.35480058468403,1
1,0.439703728538007,1
1,0.211689264680192,1
1,1.93121756092457,1
1,0.834433365435116,1
1,1.14418336659736,1
1,1.44594660465563,1
1,1.08650347027452,1
1,2.28930340880964,1
1,0.440582314506173,1
2,0.662949442863464,1
1,3.49235721470273,1
1,0.0557835587392663,1
1,0.241363597102463,1
1,0.455894399899989,1
1,0.652595913503319,1
2,0.53822193434462,1
1,3.84821224750435,1
2,0.157296268379514,1
1,0.326305566924754,1
2,0.434384569060057,1
1,0.966125457505596,1
1,0.0894727017730474,1
1,1.44402296117453,1
2,0.113014463335276,1
1,0.67611578386277,1
1,0.797552450914515,1
2,0.452194191981107,1
1,2.22277334873022,1
2,1.5576674080545,1
1,0.452802848536521,1
1,0.247058072593063,1
1,0.414897936847973,1
1,1.54190768050631,1
1,0.3415457312949,1
2,0.854498803001427,1
1,1.80119633107426,1
1,0.168757308173639,1
2,0.448696501553059,1
1,0.0935848511002226,1
1,1.01318436577441,1
2,1.03319773632557,1
1,0.950193612794292,1
2,0.319121943321079,1
1,0.375791223254055,1
1,1.15894786823065,1
2,1.59317921838703,1
1,1.01569513227315,1
1,0.255370419472456,1
1,0.458535823971033,1
2,0.140751079892028,1
1,0.505488937567138,1
1,0.724701140033913,1
2,0.0304892685521581,1
1,0.706182714953215,1
1,0.39531015092507,1
1,0.819907885002804,1
1,1.30500260643185,1
2,3.00244804454928,1
1,0.587817753352688,1
1,0.63562317378819,1
1,0.883144818910165,1
1,0.1616131085983,1
2,2.16759919921372,1
1,0.783310911576164,1
1,0.253745529800653,1
1,0.321599636692554,1
1,0.981127235996437,1
1,1.6273555009717,1
1,0.540309882257134,1
1,1.26200206014783,1
1,1.0224094458623,1
1,0.10423972690478,1
1,0.273029459174722,1
2,2.84755432906316,1
2,4.43318234731383,1
2,0.0198863216452935,1
1,1.46268930091503,1
1,0.673591247759759,1
1,0.256839682662392,1
1,0.471629429586578,1
1,0.355003932490945,1
1,0.159209743741725,1
1,1.2484598327008,1
1,1.86474825992229,1
1,0.24968486931175,1
1,5.27864472724893,1
2,1.15166243813456,1
1,0.0981430497486274,1
1,0.968773224349034,1
2,0.933665742924239,1
2,1.0237221950245,1
2,0.621904711704701,1
2,0.185570248402655,1
1,0.0358052388764918,1
1,0.671296516899019,1
1,2.11473480785701,1
2,1.25302022970737,1
2,0.012726059815067,1
1,2.46202267880056,1
1,0.865601005921972,1
1,1.01467217035116,1
2,1.01832288410515,1
1,0.161190207649208,1
1,4.39289861669157,1
1,0.685609270818532,1
2,6.44107279147873,1
2,2.78751109589732,1
1,0.36847010627389,1
1,0.445027972571552,1
1,1.69874194526184,1
1,0.958729145117104,1
1,0.66902154777199,1
1,0.705747880041599,1
1,0.160312866426539,1
1,4.44789269913859,1
1,1.07238599378616,1
1,0.76368738770836,1
1,0.544622143922167,1
1,0.38788263964384,1
1,1.99519387251678,1
1,0.00563859660178423,1
1,0.170447156764567,1
1,0.414370680222738,1
2,4.00196481479292,1
1,1.1272936584428,1
1,0.0715916240489274,1
2,4.2039845533199,1
1,0.936645840294659,1
2,2.33634926270281,1
2,5.85943825509319,1
2,0.367610471323133,1
1,0.284291193538853,1
1,0.698542266152799,1
1,0.00986698269844055,1
1,0.935832865536213,1
1,0.399383676238358,1
1,2.97681133804803,1
1,0.024328345682247,1
1,7.47889184917245,1
2,0.311911315657198,1
1,0.0643114093691111,1
2,1.64082986008561,1
2,4.59596220751233,1
1,1.19802450761199,1
1,1.52032474742143,1
2,1.71687248865151,1
1,0.282021691091359,2
1,2.57188453698967,2
1,0.0317615922540426,2
1,0.389046822208911,2
1,0.684412511065602,2
1,0.716374243356686,2
1,2.024580668574,2
1,0.935942672151041,2
1,1.87937616734746,2
1,0.101937607578518,2
2,4.18803440381713,2
1,0.457680913154036,2
1,0.20532494489582,2
1,1.477048125034,2
1,0.302160221152008,2
1,0.38819438079372,2
1,0.392171438783407,2
2,0.182594558677643,2
2,0.386167389907562,2
1,1.16350807152213,2
1,0.101575056090951,2
2,1.00244224439831,2
1,1.02738513979585,2
2,2.67775627399299,2
1,0.216544273793512,2
2,0.824994428972614,2
1,1.3029458168474,2
1,1.14670709306128,2
1,0.777876964728248,2
1,0.169100228366628,2
1,3.3234436510313,2
1,0.13218335238638,2
1,0.965218469056449,2
1,1.35480058468403,2
1,0.439703728538007,2
1,0.211689264680192,2
2,1.93121756092457,2
2,0.834433365435116,2
1,1.14418336659736,2
1,1.44594660465563,2
1,1.08650347027452,2
1,2.28930340880964,2
2,0.440582314506173,2
1,0.662949442863464,2
1,3.49235721470273,2
1,0.0557835587392663,2
2,0.241363597102463,2
2,0.455894399899989,2
1,0.652595913503319,2
2,0.53822193434462,2
1,3.84821224750435,2
1,0.157296268379514,2
1,0.326305566924754,2
1,0.434384569060057,2
1,0.966125457505596,2
1,0.0894727017730474,2
1,1.44402296117453,2
1,0.113014463335276,2
1,0.67611578386277,2
1,0.797552450914515,2
1,0.452194191981107,2
2,2.22277334873022,2
2,1.5576674080545,2
1,0.452802848536521,2
2,0.247058072593063,2
1,0.414897936847973,2
2,1.54190768050631,2
2,0.3415457312949,2
1,0.854498803001427,2
1,1.80119633107426,2
1,0.168757308173639,2
1,0.448696501553059,2
1,0.0935848511002226,2
1,1.01318436577441,2
1,1.03319773632557,2
1,0.950193612794292,2
1,0.319121943321079,2
2,0.375791223254055,2
1,1.15894786823065,2
1,1.59317921838703,2
2,1.01569513227315,2
2,0.255370419472456,2
1,0.458535823971033,2
1,0.140751079892028,2
1,0.505488937567138,2
1,0.724701140033913,2
1,0.0304892685521581,2
1,0.706182714953215,2
1,0.39531015092507,2
2,0.819907885002804,2
1,1.30500260643185,2
1,3.00244804454928,2
1,0.587817753352688,2
2,0.63562317378819,2
2,0.883144818910165,2
1,0.1616131085983,2
1,2.16759919921372,2
2,0.783310911576164,2
1,0.253745529800653,2
1,0.321599636692554,2
1,0.981127235996437,2
1,1.6273555009717,2
2,0.540309882257134,2
1,1.26200206014783,2
1,1.0224094458623,2
1,0.10423972690478,2
1,0.273029459174722,2
1,2.84755432906316,2
2,4.43318234731383,2
1,0.0198863216452935,2
1,1.46268930091503,2
1,0.673591247759759,2
2,0.256839682662392,2
2,0.471629429586578,2
1,0.355003932490945,2
1,0.159209743741725,2
1,1.2484598327008,2
2,1.86474825992229,2
1,0.24968486931175,2
2,5.27864472724893,2
1,1.15166243813456,2
1,0.0981430497486274,2
1,0.968773224349034,2
1,0.933665742924239,2
1,1.0237221950245,2
1,0.621904711704701,2
2,0.185570248402655,2
2,0.0358052388764918,2
1,0.671296516899019,2
1,2.11473480785701,2
1,1.25302022970737,2
1,0.012726059815067,2
2,2.46202267880056,2
2,0.865601005921972,2
1,1.01467217035116,2
2,1.01832288410515,2
1,0.161190207649208,2
1,4.39289861669157,2
1,0.685609270818532,2
1,6.44107279147873,2
1,2.78751109589732,2
1,0.36847010627389,2
1,0.445027972571552,2
2,1.69874194526184,2
1,0.958729145117104,2
1,0.66902154777199,2
2,0.705747880041599,2
1,0.160312866426539,2
1,4.44789269913859,2
1,1.07238599378616,2
1,0.76368738770836,2
1,0.544622143922167,2
1,0.38788263964384,2
1,1.99519387251678,2
2,0.00563859660178423,2
1,0.170447156764567,2
1,0.414370680222738,2
2,4.00196481479292,2
2,1.1272936584428,2
1,0.0715916240489274,2
1,4.2039845533199,2
1,0.936645840294659,2
1,2.33634926270281,2
1,5.85943825509319,2
2,0.367610471323133,2
1,0.284291193538853,2
1,0.698542266152799,2
1,0.00986698269844055,2
1,0.935832865536213,2
1,0.399383676238358,2
2,2.97681133804803,2
1,0.024328345682247,2
2,7.47889184917245,2
1,0.311911315657198,2
1,0.0643114093691111,2
1,1.64082986008561,2
2,4.59596220751233,2
1,1.19802450761199,2
1,1.52032474742143,2
2,1.71687248865151,2
1,0.282021691091359,3
1,2.57188453698967,3
1,0.0317615922540426,3
1,0.389046822208911,3
1,0.684412511065602,3
2,0.716374243356686,3
1,2.024580668574,3
1,0.935942672151041,3
1,1.87937616734746,3
1,0.101937607578518,3
1,4.18803440381713,3
2,0.457680913154036,3
1,0.20532494489582,3
1,1.477048125034,3
2,0.302160221152008,3
1,0.38819438079372,3
2,0.392171438783407,3
2,0.182594558677643,3
1,0.386167389907562,3
1,1.16350807152213,3
1,0.101575056090951,3
2,1.00244224439831,3
1,1.02738513979585,3
1,2.67775627399299,3
1,0.216544273793512,3
1,0.824994428972614,3
1,1.3029458168474,3
1,1.14670709306128,3
1,0.777876964728248,3
1,0.169100228366628,3
1,3.3234436510313,3
2,0.13218335238638,3
2,0.965218469056449,3
1,1.35480058468403,3
2,0.439703728538007,3
1,0.211689264680192,3
1,1.93121756092457,3
2,0.834433365435116,3
1,1.14418336659736,3
1,1.44594660465563,3
2,1.08650347027452,3
1,2.28930340880964,3
1,0.440582314506173,3
1,0.662949442863464,3
1,3.49235721470273,3
1,0.0557835587392663,3
2,0.241363597102463,3
1,0.455894399899989,3
1,0.652595913503319,3
1,0.53822193434462,3
1,3.84821224750435,3
2,0.157296268379514,3
1,0.326305566924754,3
2,0.434384569060057,3
2,0.966125457505596,3
1,0.0894727017730474,3
1,1.44402296117453,3
1,0.113014463335276,3
1,0.67611578386277,3
2,0.797552450914515,3
1,0.452194191981107,3
1,2.22277334873022,3
2,1.5576674080545,3
1,0.452802848536521,3
2,0.247058072593063,3
1,0.414897936847973,3
1,1.54190768050631,3
2,0.3415457312949,3
1,0.854498803001427,3
2,1.80119633107426,3
1,0.168757308173639,3
1,0.448696501553059,3
1,0.0935848511002226,3
1,1.01318436577441,3
2,1.03319773632557,3
1,0.950193612794292,3
1,0.319121943321079,3
1,0.375791223254055,3
1,1.15894786823065,3
1,1.59317921838703,3
1,1.01569513227315,3
1,0.255370419472456,3
1,0.458535823971033,3
1,0.140751079892028,3
1,0.505488937567138,3
1,0.724701140033913,3
1,0.0304892685521581,3
1,0.706182714953215,3
1,0.39531015092507,3
2,0.819907885002804,3
1,1.30500260643185,3
1,3.00244804454928,3
1,0.587817753352688,3
1,0.63562317378819,3
1,0.883144818910165,3
1,0.1616131085983,3
1,2.16759919921372,3
1,0.783310911576164,3
2,0.253745529800653,3
1,0.321599636692554,3
1,0.981127235996437,3
2,1.6273555009717,3
1,0.540309882257134,3
1,1.26200206014783,3
1,1.0224094458623,3
1,0.10423972690478,3
1,0.273029459174722,3
1,2.84755432906316,3
1,4.43318234731383,3
2,0.0198863216452935,3
1,1.46268930091503,3
1,0.673591247759759,3
1,0.256839682662392,3
1,0.471629429586578,3
2,0.355003932490945,3
1,0.159209743741725,3
2,1.2484598327008,3
2,1.86474825992229,3
2,0.24968486931175,3
1,5.27864472724893,3
1,1.15166243813456,3
1,0.0981430497486274,3
1,0.968773224349034,3
1,0.933665742924239,3
2,1.0237221950245,3
1,0.621904711704701,3
1,0.185570248402655,3
2,0.0358052388764918,3
1,0.671296516899019,3
1,2.11473480785701,3
2,1.25302022970737,3
2,0.012726059815067,3
1,2.46202267880056,3
1,0.865601005921972,3
1,1.01467217035116,3
1,1.01832288410515,3
2,0.161190207649208,3
1,4.39289861669157,3
2,0.685609270818532,3
1,6.44107279147873,3
1,2.78751109589732,3
2,0.36847010627389,3
1,0.445027972571552,3
1,1.69874194526184,3
1,0.958729145117104,3
1,0.66902154777199,3
1,0.705747880041599,3
1,0.160312866426539,3
1,4.44789269913859,3
1,1.07238599378616,3
1,0.76368738770836,3
1,0.544622143922167,3
2,0.38788263964384,3
1,1.99519387251678,3
1,0.00563859660178423,3
1,0.170447156764567,3
1,0.414370680222738,3
1,4.00196481479292,3
1,1.1272936584428,3
1,0.0715916240489274,3
2,4.2039845533199,3
2,0.936645840294659,3
2,2.33634926270281,3
2,5.85943825509319,3
2,0.367610471323133,3
1,0.284291193538853,3
1,0.698542266152799,3
1,0.00986698269844055,3
1,0.935832865536213,3
1,0.399383676238358,3
2,2.97681133804803,3
2,0.024328345682247,3
1,7.47889184917245,3
2,0.311911315657198,3
1,0.0643114093691111,3
1,1.64082986008561,3
1,4.59596220751233,3
1,1.19802450761199,3
1,1.52032474742143,3
1,1.71687248865151,3
1,0.282021691091359,4
2,2.57188453698967,4
1,0.0317615922540426,4
1,0.389046822208911,4
1,0.684412511065602,4
1,0.716374243356686,4
2,2.024580668574,4
1,0.935942672151041,4
1,1.87937616734746,4
1,0.101937607578518,4
2,4.18803440381713,4
1,0.457680913154036,4
2,0.20532494489582,4
1,1.477048125034,4
1,0.302160221152008,4
1,0.38819438079372,4
2,0.392171438783407,4
1,0.182594558677643,4
1,0.386167389907562,4
1,1.16350807152213,4
1,0.101575056090951,4
1,1.00244224439831,4
1,1.02738513979585,4
1,2.67775627399299,4
1,0.216544273793512,4
2,0.824994428972614,4
1,1.3029458168474,4
1,1.14670709306128,4
1,0.777876964728248,4
1,0.169100228366628,4
1,3.3234436510313,4
1,0.13218335238638,4
1,0.965218469056449,4
1,1.35480058468403,4
2,0.439703728538007,4
2,0.211689264680192,4
1,1.93121756092457,4
1,0.834433365435116,4
2,1.14418336659736,4
2,1.44594660465563,4
2,1.08650347027452,4
1,2.28930340880964,4
2,0.440582314506173,4
2,0.662949442863464,4
1,3.49235721470273,4
1,0.0557835587392663,4
1,0.241363597102463,4
2,0.455894399899989,4
1,0.652595913503319,4
2,0.53822193434462,4
2,3.84821224750435,4
1,0.157296268379514,4
2,0.326305566924754,4
1,0.434384569060057,4
1,0.966125457505596,4
1,0.0894727017730474,4
1,1.44402296117453,4
1,0.113014463335276,4
2,0.67611578386277,4
2,0.797552450914515,4
1,0.452194191981107,4
2,2.22277334873022,4
1,1.5576674080545,4
1,0.452802848536521,4
1,0.247058072593063,4
1,0.414897936847973,4
1,1.54190768050631,4
1,0.3415457312949,4
1,0.854498803001427,4
2,1.80119633107426,4
1,0.168757308173639,4
1,0.448696501553059,4
1,0.0935848511002226,4
1,1.01318436577441,4
2,1.03319773632557,4
1,0.950193612794292,4
1,0.319121943321079,4
2,0.375791223254055,4
1,1.15894786823065,4
2,1.59317921838703,4
1,1.01569513227315,4
1,0.255370419472456,4
1,0.458535823971033,4
2,0.140751079892028,4
1,0.505488937567138,4
1,0.724701140033913,4
1,0.0304892685521581,4
1,0.706182714953215,4
1,0.39531015092507,4
1,0.819907885002804,4
1,1.30500260643185,4
1,3.00244804454928,4
2,0.587817753352688,4
1,0.63562317378819,4
1,0.883144818910165,4
1,0.1616131085983,4
2,2.16759919921372,4
1,0.783310911576164,4
1,0.253745529800653,4
1,0.321599636692554,4
2,0.981127235996437,4
1,1.6273555009717,4
1,0.540309882257134,4
2,1.26200206014783,4
1,1.0224094458623,4
1,0.10423972690478,4
1,0.273029459174722,4
1,2.84755432906316,4
2,4.43318234731383,4
2,0.0198863216452935,4
1,1.46268930091503,4
2,0.673591247759759,4
1,0.256839682662392,4
1,0.471629429586578,4
1,0.355003932490945,4
1,0.159209743741725,4
1,1.2484598327008,4
2,1.86474825992229,4
2,0.24968486931175,4
1,5.27864472724893,4
1,1.15166243813456,4
2,0.0981430497486274,4
2,0.968773224349034,4
1,0.933665742924239,4
1,1.0237221950245,4
1,0.621904711704701,4
1,0.185570248402655,4
1,0.0358052388764918,4
1,0.671296516899019,4
1,2.11473480785701,4
1,1.25302022970737,4
1,0.012726059815067,4
1,2.46202267880056,4
1,0.865601005921972,4
1,1.01467217035116,4
1,1.01832288410515,4
2,0.161190207649208,4
1,4.39289861669157,4
1,0.685609270818532,4
1,6.44107279147873,4
1,2.78751109589732,4
1,0.36847010627389,4
1,0.445027972571552,4
2,1.69874194526184,4
1,0.958729145117104,4
1,0.66902154777199,4
1,0.705747880041599,4
2,0.160312866426539,4
1,4.44789269913859,4
1,1.07238599378616,4
1,0.76368738770836,4
1,0.544622143922167,4
1,0.38788263964384,4
2,1.99519387251678,4
1,0.00563859660178423,4
2,0.170447156764567,4
1,0.414370680222738,4
2,4.00196481479292,4
1,1.1272936584428,4
1,0.0715916240489274,4
1,4.2039845533199,4
1,0.936645840294659,4
1,2.33634926270281,4
1,5.85943825509319,4
2,0.367610471323133,4
1,0.284291193538853,4
1,0.698542266152799,4
1,0.00986698269844055,4
1,0.935832865536213,4
2,0.399383676238358,4
1,2.97681133804803,4
1,0.024328345682247,4
1,7.47889184917245,4
1,0.311911315657198,4
2,0.0643114093691111,4
1,1.64082986008561,4
1,4.59596220751233,4
1,1.19802450761199,4
1,1.52032474742143,4
1,1.71687248865151,4
1,0.282021691091359,5
1,2.57188453698967,5
1,0.0317615922540426,5
1,0.389046822208911,5
2,0.684412511065602,5
1,0.716374243356686,5
1,2.024580668574,5
1,0.935942672151041,5
1,1.87937616734746,5
1,0.101937607578518,5
1,4.18803440381713,5
1,0.457680913154036,5
1,0.20532494489582,5
1,1.477048125034,5
1,0.302160221152008,5
1,0.38819438079372,5
2,0.392171438783407,5
1,0.182594558677643,5
1,0.386167389907562,5
2,1.16350807152213,5
1,0.101575056090951,5
2,1.00244224439831,5
1,1.02738513979585,5
1,2.67775627399299,5
1,0.216544273793512,5
2,0.824994428972614,5
1,1.3029458168474,5
2,1.14670709306128,5
2,0.777876964728248,5
1,0.169100228366628,5
1,3.3234436510313,5
2,0.13218335238638,5
1,0.965218469056449,5
1,1.35480058468403,5
1,0.439703728538007,5
2,0.211689264680192,5
1,1.93121756092457,5
1,0.834433365435116,5
1,1.14418336659736,5
1,1.44594660465563,5
1,1.08650347027452,5
1,2.28930340880964,5
2,0.440582314506173,5
1,0.662949442863464,5
1,3.49235721470273,5
1,0.0557835587392663,5
1,0.241363597102463,5
1,0.455894399899989,5
1,0.652595913503319,5
1,0.53822193434462,5
2,3.84821224750435,5
1,0.157296268379514,5
1,0.326305566924754,5
1,0.434384569060057,5
2,0.966125457505596,5
1,0.0894727017730474,5
1,1.44402296117453,5
1,0.113014463335276,5
2,0.67611578386277,5
1,0.797552450914515,5
1,0.452194191981107,5
2,2.22277334873022,5
1,1.5576674080545,5
1,0.452802848536521,5
1,0.247058072593063,5
1,0.414897936847973,5
1,1.54190768050631,5
2,0.3415457312949,5
2,0.854498803001427,5
1,1.80119633107426,5
1,0.168757308173639,5
1,0.448696501553059,5
2,0.0935848511002226,5
1,1.01318436577441,5
1,1.03319773632557,5
1,0.950193612794292,5
1,0.319121943321079,5
1,0.375791223254055,5
1,1.15894786823065,5
1,1.59317921838703,5
2,1.01569513227315,5
1,0.255370419472456,5
1,0.458535823971033,5
2,0.140751079892028,5
1,0.505488937567138,5
1,0.724701140033913,5
2,0.0304892685521581,5
2,0.706182714953215,5
1,0.39531015092507,5
1,0.819907885002804,5
2,1.30500260643185,5
1,3.00244804454928,5
1,0.587817753352688,5
1,0.63562317378819,5
1,0.883144818910165,5
1,0.1616131085983,5
1,2.16759919921372,5
1,0.783310911576164,5
1,0.253745529800653,5
1,0.321599636692554,5
1,0.981127235996437,5
2,1.6273555009717,5
2,0.540309882257134,5
2,1.26200206014783,5
1,1.0224094458623,5
2,0.10423972690478,5
1,0.273029459174722,5
1,2.84755432906316,5
1,4.43318234731383,5
1,0.0198863216452935,5
2,1.46268930091503,5
1,0.673591247759759,5
1,0.256839682662392,5
1,0.471629429586578,5
1,0.355003932490945,5
2,0.159209743741725,5
2,1.2484598327008,5
1,1.86474825992229,5
1,0.24968486931175,5
1,5.27864472724893,5
1,1.15166243813456,5
1,0.0981430497486274,5
1,0.968773224349034,5
1,0.933665742924239,5
2,1.0237221950245,5
1,0.621904711704701,5
1,0.185570248402655,5
1,0.0358052388764918,5
1,0.671296516899019,5
1,2.11473480785701,5
2,1.25302022970737,5
1,0.012726059815067,5
1,2.46202267880056,5
1,0.865601005921972,5
1,1.01467217035116,5
1,1.01832288410515,5
2,0.161190207649208,5
1,4.39289861669157,5
1,0.685609270818532,5
2,6.44107279147873,5
1,2.78751109589732,5
1,0.36847010627389,5
2,0.445027972571552,5
1,1.69874194526184,5
1,0.958729145117104,5
1,0.66902154777199,5
1,0.705747880041599,5
1,0.160312866426539,5
1,4.44789269913859,5
1,1.07238599378616,5
1,0.76368738770836,5
1,0.544622143922167,5
2,0.38788263964384,5
1,1.99519387251678,5
1,0.00563859660178423,5
2,0.170447156764567,5
1,0.414370680222738,5
2,4.00196481479292,5
2,1.1272936584428,5
2,0.0715916240489274,5
1,4.2039845533199,5
2,0.936645840294659,5
1,2.33634926270281,5
1,5.85943825509319,5
1,0.367610471323133,5
1,0.284291193538853,5
1,0.698542266152799,5
1,0.00986698269844055,5
1,0.935832865536213,5
1,0.399383676238358,5
1,2.97681133804803,5
2,0.024328345682247,5
1,7.47889184917245,5
2,0.311911315657198,5
2,0.0643114093691111,5
1,1.64082986008561,5
1,4.59596220751233,5
1,1.19802450761199,5
2,1.52032474742143,5
2,1.71687248865151,5
1,0.282021691091359,6
1,2.57188453698967,6
1,0.0317615922540426,6
1,0.389046822208911,6
1,0.684412511065602,6
1,0.716374243356686,6
1,2.024580668574,6
1,0.935942672151041,6
1,1.87937616734746,6
1,0.101937607578518,6
1,4.18803440381713,6
2,0.457680913154036,6
2,0.20532494489582,6
2,1.477048125034,6
1,0.302160221152008,6
1,0.38819438079372,6
2,0.392171438783407,6
1,0.182594558677643,6
2,0.386167389907562,6
1,1.16350807152213,6
1,0.101575056090951,6
2,1.00244224439831,6
1,1.02738513979585,6
1,2.67775627399299,6
1,0.216544273793512,6
1,0.824994428972614,6
1,1.3029458168474,6
2,1.14670709306128,6
1,0.777876964728248,6
1,0.169100228366628,6
1,3.3234436510313,6
1,0.13218335238638,6
1,0.965218469056449,6
1,1.35480058468403,6
2,0.439703728538007,6
1,0.211689264680192,6
1,1.93121756092457,6
1,0.834433365435116,6
1,1.14418336659736,6
1,1.44594660465563,6
1,1.08650347027452,6
1,2.28930340880964,6
1,0.440582314506173,6
2,0.662949442863464,6
1,3.49235721470273,6
1,0.0557835587392663,6
1,0.241363597102463,6
1,0.455894399899989,6
1,0.652595913503319,6
1,0.53822193434462,6
1,3.84821224750435,6
1,0.157296268379514,6
1,0.326305566924754,6
2,0.434384569060057,6
1,0.966125457505596,6
2,0.0894727017730474,6
1,1.44402296117453,6
1,0.113014463335276,6
1,0.67611578386277,6
1,0.797552450914515,6
1,0.452194191981107,6
2,2.22277334873022,6
2,1.5576674080545,6
1,0.452802848536521,6
1,0.247058072593063,6
1,0.414897936847973,6
1,1.54190768050631,6
1,0.3415457312949,6
2,0.854498803001427,6
1,1.80119633107426,6
1,0.168757308173639,6
1,0.448696501553059,6
1,0.0935848511002226,6
1,1.01318436577441,6
1,1.03319773632557,6
1,0.950193612794292,6
1,0.319121943321079,6
1,0.375791223254055,6
1,1.15894786823065,6
2,1.59317921838703,6
1,1.01569513227315,6
1,0.255370419472456,6
2,0.458535823971033,6
1,0.140751079892028,6
1,0.505488937567138,6
1,0.724701140033913,6
2,0.0304892685521581,6
2,0.706182714953215,6
1,0.39531015092507,6
1,0.819907885002804,6
1,1.30500260643185,6
1,3.00244804454928,6
1,0.587817753352688,6
2,0.63562317378819,6
1,0.883144818910165,6
2,0.1616131085983,6
2,2.16759919921372,6
1,0.783310911576164,6
2,0.253745529800653,6
2,0.321599636692554,6
1,0.981127235996437,6
1,1.6273555009717,6
1,0.540309882257134,6
1,1.26200206014783,6
2,1.0224094458623,6
1,0.10423972690478,6
1,0.273029459174722,6
1,2.84755432906316,6
1,4.43318234731383,6
1,0.0198863216452935,6
2,1.46268930091503,6
1,0.673591247759759,6
1,0.256839682662392,6
1,0.471629429586578,6
1,0.355003932490945,6
1,0.159209743741725,6
2,1.2484598327008,6
2,1.86474825992229,6
1,0.24968486931175,6
1,5.27864472724893,6
1,1.15166243813456,6
1,0.0981430497486274,6
2,0.968773224349034,6
1,0.933665742924239,6
2,1.0237221950245,6
1,0.621904711704701,6
1,0.185570248402655,6
1,0.0358052388764918,6
1,0.671296516899019,6
1,2.11473480785701,6
1,1.25302022970737,6
1,0.012726059815067,6
1,2.46202267880056,6
2,0.865601005921972,6
1,1.01467217035116,6
1,1.01832288410515,6
1,0.161190207649208,6
2,4.39289861669157,6
1,0.685609270818532,6
1,6.44107279147873,6
1,2.78751109589732,6
1,0.36847010627389,6
1,0.445027972571552,6
1,1.69874194526184,6
1,0.958729145117104,6
2,0.66902154777199,6
2,0.705747880041599,6
2,0.160312866426539,6
1,4.44789269913859,6
2,1.07238599378616,6
1,0.76368738770836,6
1,0.544622143922167,6
2,0.38788263964384,6
1,1.99519387251678,6
1,0.00563859660178423,6
1,0.170447156764567,6
2,0.414370680222738,6
2,4.00196481479292,6
2,1.1272936584428,6
1,0.0715916240489274,6
2,4.2039845533199,6
1,0.936645840294659,6
1,2.33634926270281,6
2,5.85943825509319,6
1,0.367610471323133,6
1,0.284291193538853,6
1,0.698542266152799,6
1,0.00986698269844055,6
2,0.935832865536213,6
2,0.399383676238358,6
1,2.97681133804803,6
2,0.024328345682247,6
1,7.47889184917245,6
1,0.311911315657198,6
1,0.0643114093691111,6
1,1.64082986008561,6
1,4.59596220751233,6
2,1.19802450761199,6
1,1.52032474742143,6
1,1.71687248865151,6
1,0.282021691091359,7
1,2.57188453698967,7
1,0.0317615922540426,7
1,0.389046822208911,7
1,0.684412511065602,7
2,0.716374243356686,7
1,2.024580668574,7
1,0.935942672151041,7
2,1.87937616734746,7
1,0.101937607578518,7
1,4.18803440381713,7
1,0.457680913154036,7
1,0.20532494489582,7
1,1.477048125034,7
1,0.302160221152008,7
1,0.38819438079372,7
1,0.392171438783407,7
1,0.182594558677643,7
1,0.386167389907562,7
2,1.16350807152213,7
1,0.101575056090951,7
2,1.00244224439831,7
1,1.02738513979585,7
2,2.67775627399299,7
1,0.216544273793512,7
1,0.824994428972614,7
2,1.3029458168474,7
2,1.14670709306128,7
2,0.777876964728248,7
2,0.169100228366628,7
1,3.3234436510313,7
1,0.13218335238638,7
1,0.965218469056449,7
2,1.35480058468403,7
1,0.439703728538007,7
1,0.211689264680192,7
1,1.93121756092457,7
1,0.834433365435116,7
1,1.14418336659736,7
1,1.44594660465563,7
1,1.08650347027452,7
2,2.28930340880964,7
1,0.440582314506173,7
1,0.662949442863464,7
1,3.49235721470273,7
1,0.0557835587392663,7
1,0.241363597102463,7
1,0.455894399899989,7
2,0.652595913503319,7
2,0.53822193434462,7
2,3.84821224750435,7
1,0.157296268379514,7
1,0.326305566924754,7
1,0.434384569060057,7
1,0.966125457505596,7
1,0.0894727017730474,7
1,1.44402296117453,7
1,0.113014463335276,7
1,0.67611578386277,7
2,0.797552450914515,7
1,0.452194191981107,7
2,2.22277334873022,7
1,1.5576674080545,7
1,0.452802848536521,7
2,0.247058072593063,7
1,0.414897936847973,7
1,1.54190768050631,7
1,0.3415457312949,7
1,0.854498803001427,7
2,1.80119633107426,7
1,0.168757308173639,7
1,0.448696501553059,7
1,0.0935848511002226,7
1,1.01318436577441,7
1,1.03319773632557,7
1,0.950193612794292,7
1,0.319121943321079,7
1,0.375791223254055,7
1,1.15894786823065,7
1,1.59317921838703,7
2,1.01569513227315,7
1,0.255370419472456,7
2,0.458535823971033,7
1,0.140751079892028,7
2,0.505488937567138,7
1,0.724701140033913,7
1,0.0304892685521581,7
2,0.706182714953215,7
1,0.39531015092507,7
2,0.819907885002804,7
1,1.30500260643185,7
1,3.00244804454928,7
1,0.587817753352688,7
1,0.63562317378819,7
1,0.883144818910165,7
1,0.1616131085983,7
1,2.16759919921372,7
1,0.783310911576164,7
1,0.253745529800653,7
1,0.321599636692554,7
1,0.981127235996437,7
1,1.6273555009717,7
1,0.540309882257134,7
1,1.26200206014783,7
1,1.0224094458623,7
1,0.10423972690478,7
1,0.273029459174722,7
1,2.84755432906316,7
1,4.43318234731383,7
1,0.0198863216452935,7
2,1.46268930091503,7
1,0.673591247759759,7
1,0.256839682662392,7
1,0.471629429586578,7
1,0.355003932490945,7
1,0.159209743741725,7
1,1.2484598327008,7
1,1.86474825992229,7
2,0.24968486931175,7
1,5.27864472724893,7
2,1.15166243813456,7
1,0.0981430497486274,7
1,0.968773224349034,7
1,0.933665742924239,7
2,1.0237221950245,7
1,0.621904711704701,7
2,0.185570248402655,7
1,0.0358052388764918,7
1,0.671296516899019,7
1,2.11473480785701,7
2,1.25302022970737,7
1,0.012726059815067,7
1,2.46202267880056,7
1,0.865601005921972,7
1,1.01467217035116,7
1,1.01832288410515,7
1,0.161190207649208,7
2,4.39289861669157,7
1,0.685609270818532,7
2,6.44107279147873,7
2,2.78751109589732,7
2,0.36847010627389,7
1,0.445027972571552,7
2,1.69874194526184,7
1,0.958729145117104,7
1,0.66902154777199,7
1,0.705747880041599,7
1,0.160312866426539,7
2,4.44789269913859,7
2,1.07238599378616,7
2,0.76368738770836,7
1,0.544622143922167,7
2,0.38788263964384,7
2,1.99519387251678,7
1,0.00563859660178423,7
1,0.170447156764567,7
1,0.414370680222738,7
1,4.00196481479292,7
2,1.1272936584428,7
1,0.0715916240489274,7
1,4.2039845533199,7
1,0.936645840294659,7
1,2.33634926270281,7
1,5.85943825509319,7
1,0.367610471323133,7
1,0.284291193538853,7
1,0.698542266152799,7
1,0.00986698269844055,7
1,0.935832865536213,7
1,0.399383676238358,7
2,2.97681133804803,7
1,0.024328345682247,7
2,7.47889184917245,7
1,0.311911315657198,7
2,0.0643114093691111,7
2,1.64082986008561,7
2,4.59596220751233,7
1,1.19802450761199,7
1,1.52032474742143,7
1,1.71687248865151,7
1,0.282021691091359,8
1,2.57188453698967,8
2,0.0317615922540426,8
1,0.389046822208911,8
1,0.684412511065602,8
1,0.716374243356686,8
2,2.024580668574,8
2,0.935942672151041,8
1,1.87937616734746,8
1,0.101937607578518,8
2,4.18803440381713,8
1,0.457680913154036,8
1,0.20532494489582,8
1,1.477048125034,8
1,0.302160221152008,8
1,0.38819438079372,8
1,0.392171438783407,8
1,0.182594558677643,8
1,0.386167389907562,8
2,1.16350807152213,8
2,0.101575056090951,8
1,1.00244224439831,8
2,1.02738513979585,8
1,2.67775627399299,8
1,0.216544273793512,8
1,0.824994428972614,8
1,1.3029458168474,8
1,1.14670709306128,8
1,0.777876964728248,8
1,0.169100228366628,8
2,3.3234436510313,8
2,0.13218335238638,8
1,0.965218469056449,8
1,1.35480058468403,8
1,0.439703728538007,8
2,0.211689264680192,8
2,1.93121756092457,8
2,0.834433365435116,8
1,1.14418336659736,8
1,1.44594660465563,8
1,1.08650347027452,8
1,2.28930340880964,8
1,0.440582314506173,8
1,0.662949442863464,8
1,3.49235721470273,8
2,0.0557835587392663,8
1,0.241363597102463,8
1,0.455894399899989,8
1,0.652595913503319,8
1,0.53822193434462,8
2,3.84821224750435,8
2,0.157296268379514,8
1,0.326305566924754,8
1,0.434384569060057,8
1,0.966125457505596,8
1,0.0894727017730474,8
1,1.44402296117453,8
2,0.113014463335276,8
2,0.67611578386277,8
2,0.797552450914515,8
2,0.452194191981107,8
1,2.22277334873022,8
1,1.5576674080545,8
1,0.452802848536521,8
1,0.247058072593063,8
1,0.414897936847973,8
1,1.54190768050631,8
1,0.3415457312949,8
1,0.854498803001427,8
1,1.80119633107426,8
1,0.168757308173639,8
1,0.448696501553059,8
2,0.0935848511002226,8
1,1.01318436577441,8
2,1.03319773632557,8
1,0.950193612794292,8
2,0.319121943321079,8
2,0.375791223254055,8
1,1.15894786823065,8
1,1.59317921838703,8
1,1.01569513227315,8
1,0.255370419472456,8
1,0.458535823971033,8
1,0.140751079892028,8
2,0.505488937567138,8
1,0.724701140033913,8
1,0.0304892685521581,8
1,0.706182714953215,8
1,0.39531015092507,8
1,0.819907885002804,8
1,1.30500260643185,8
2,3.00244804454928,8
1,0.587817753352688,8
1,0.63562317378819,8
2,0.883144818910165,8
1,0.1616131085983,8
1,2.16759919921372,8
2,0.783310911576164,8
1,0.253745529800653,8
1,0.321599636692554,8
1,0.981127235996437,8
1,1.6273555009717,8
2,0.540309882257134,8
1,1.26200206014783,8
1,1.0224094458623,8
1,0.10423972690478,8
1,0.273029459174722,8
2,2.84755432906316,8
1,4.43318234731383,8
1,0.0198863216452935,8
1,1.46268930091503,8
1,0.673591247759759,8
1,0.256839682662392,8
2,0.471629429586578,8
1,0.355003932490945,8
2,0.159209743741725,8
1,1.2484598327008,8
1,1.86474825992229,8
1,0.24968486931175,8
1,5.27864472724893,8
1,1.15166243813456,8
1,0.0981430497486274,8
1,0.968773224349034,8
2,0.933665742924239,8
1,1.0237221950245,8
1,0.621904711704701,8
1,0.185570248402655,8
2,0.0358052388764918,8
2,0.671296516899019,8
2,2.11473480785701,8
1,1.25302022970737,8
1,0.012726059815067,8
1,2.46202267880056,8
1,0.865601005921972,8
1,1.01467217035116,8
1,1.01832288410515,8
2,0.161190207649208,8
1,4.39289861669157,8
1,0.685609270818532,8
2,6.44107279147873,8
1,2.78751109589732,8
1,0.36847010627389,8
1,0.445027972571552,8
1,1.69874194526184,8
2,0.958729145117104,8
1,0.66902154777199,8
1,0.705747880041599,8
1,0.160312866426539,8
1,4.44789269913859,8
2,1.07238599378616,8
1,0.76368738770836,8
1,0.544622143922167,8
1,0.38788263964384,8
1,1.99519387251678,8
1,0.00563859660178423,8
1,0.170447156764567,8
1,0.414370680222738,8
1,4.00196481479292,8
1,1.1272936584428,8
2,0.0715916240489274,8
2,4.2039845533199,8
1,0.936645840294659,8
1,2.33634926270281,8
1,5.85943825509319,8
1,0.367610471323133,8
1,0.284291193538853,8
1,0.698542266152799,8
1,0.00986698269844055,8
1,0.935832865536213,8
2,0.399383676238358,8
2,2.97681133804803,8
1,0.024328345682247,8
1,7.47889184917245,8
2,0.311911315657198,8
1,0.0643114093691111,8
1,1.64082986008561,8
1,4.59596220751233,8
1,1.19802450761199,8
1,1.52032474742143,8
2,1.71687248865151,8
1,0.282021691091359,9
1,2.57188453698967,9
1,0.0317615922540426,9
1,0.389046822208911,9
1,0.684412511065602,9
1,0.716374243356686,9
1,2.024580668574,9
1,0.935942672151041,9
1,1.87937616734746,9
1,0.101937607578518,9
1,4.18803440381713,9
1,0.457680913154036,9
1,0.20532494489582,9
1,1.477048125034,9
1,0.302160221152008,9
1,0.38819438079372,9
2,0.392171438783407,9
1,0.182594558677643,9
1,0.386167389907562,9
1,1.16350807152213,9
1,0.101575056090951,9
1,1.00244224439831,9
1,1.02738513979585,9
1,2.67775627399299,9
2,0.216544273793512,9
1,0.824994428972614,9
1,1.3029458168474,9
1,1.14670709306128,9
1,0.777876964728248,9
1,0.169100228366628,9
2,3.3234436510313,9
1,0.13218335238638,9
1,0.965218469056449,9
1,1.35480058468403,9
1,0.439703728538007,9
1,0.211689264680192,9
1,1.93121756092457,9
2,0.834433365435116,9
2,1.14418336659736,9
2,1.44594660465563,9
1,1.08650347027452,9
1,2.28930340880964,9
1,0.440582314506173,9
2,0.662949442863464,9
1,3.49235721470273,9
1,0.0557835587392663,9
1,0.241363597102463,9
1,0.455894399899989,9
1,0.652595913503319,9
1,0.53822193434462,9
2,3.84821224750435,9
1,0.157296268379514,9
1,0.326305566924754,9
1,0.434384569060057,9
1,0.966125457505596,9
1,0.0894727017730474,9
2,1.44402296117453,9
2,0.113014463335276,9
2,0.67611578386277,9
1,0.797552450914515,9
2,0.452194191981107,9
1,2.22277334873022,9
1,1.5576674080545,9
2,0.452802848536521,9
1,0.247058072593063,9
1,0.414897936847973,9
1,1.54190768050631,9
1,0.3415457312949,9
1,0.854498803001427,9
2,1.80119633107426,9
2,0.168757308173639,9
1,0.448696501553059,9
1,0.0935848511002226,9
1,1.01318436577441,9
2,1.03319773632557,9
1,0.950193612794292,9
2,0.319121943321079,9
2,0.375791223254055,9
1,1.15894786823065,9
2,1.59317921838703,9
2,1.01569513227315,9
1,0.255370419472456,9
1,0.458535823971033,9
1,0.140751079892028,9
1,0.505488937567138,9
1,0.724701140033913,9
2,0.0304892685521581,9
1,0.706182714953215,9
2,0.39531015092507,9
2,0.819907885002804,9
1,1.30500260643185,9
2,3.00244804454928,9
1,0.587817753352688,9
1,0.63562317378819,9
1,0.883144818910165,9
1,0.1616131085983,9
1,2.16759919921372,9
1,0.783310911576164,9
1,0.253745529800653,9
2,0.321599636692554,9
1,0.981127235996437,9
1,1.6273555009717,9
1,0.540309882257134,9
1,1.26200206014783,9
1,1.0224094458623,9
1,0.10423972690478,9
2,0.273029459174722,9
1,2.84755432906316,9
2,4.43318234731383,9
1,0.0198863216452935,9
1,1.46268930091503,9
1,0.673591247759759,9
1,0.256839682662392,9
1,0.471629429586578,9
2,0.355003932490945,9
1,0.159209743741725,9
1,1.2484598327008,9
1,1.86474825992229,9
1,0.24968486931175,9
1,5.27864472724893,9
1,1.15166243813456,9
1,0.0981430497486274,9
2,0.968773224349034,9
1,0.933665742924239,9
2,1.0237221950245,9
2,0.621904711704701,9
2,0.185570248402655,9
2,0.0358052388764918,9
1,0.671296516899019,9
2,2.11473480785701,9
1,1.25302022970737,9
1,0.012726059815067,9
1,2.46202267880056,9
1,0.865601005921972,9
1,1.01467217035116,9
2,1.01832288410515,9
1,0.161190207649208,9
1,4.39289861669157,9
2,0.685609270818532,9
1,6.44107279147873,9
2,2.78751109589732,9
1,0.36847010627389,9
1,0.445027972571552,9
1,1.69874194526184,9
1,0.958729145117104,9
2,0.66902154777199,9
2,0.705747880041599,9
1,0.160312866426539,9
1,4.44789269913859,9
1,1.07238599378616,9
1,0.76368738770836,9
1,0.544622143922167,9
1,0.38788263964384,9
1,1.99519387251678,9
1,0.00563859660178423,9
1,0.170447156764567,9
1,0.414370680222738,9
2,4.00196481479292,9
2,1.1272936584428,9
1,0.0715916240489274,9
1,4.2039845533199,9
1,0.936645840294659,9
1,2.33634926270281,9
1,5.85943825509319,9
1,0.367610471323133,9
1,0.284291193538853,9
1,0.698542266152799,9
1,0.00986698269844055,9
2,0.935832865536213,9
2,0.399383676238358,9
1,2.97681133804803,9
1,0.024328345682247,9
1,7.47889184917245,9
1,0.311911315657198,9
1,0.0643114093691111,9
1,1.64082986008561,9
2,4.59596220751233,9
1,1.19802450761199,9
2,1.52032474742143,9
1,1.71687248865151,9
1,0.282021691091359,10
1,2.57188453698967,10
1,0.0317615922540426,10
1,0.389046822208911,10
1,0.684412511065602,10
2,0.716374243356686,10
2,2.024580668574,10
1,0.935942672151041,10
1,1.87937616734746,10
1,0.101937607578518,10
2,4.18803440381713,10
2,0.457680913154036,10
2,0.20532494489582,10
1,1.477048125034,10
1,0.302160221152008,10
1,0.38819438079372,10
1,0.392171438783407,10
1,0.182594558677643,10
1,0.386167389907562,10
1,1.16350807152213,10
2,0.101575056090951,10
1,1.00244224439831,10
1,1.02738513979585,10
1,2.67775627399299,10
1,0.216544273793512,10
2,0.824994428972614,10
2,1.3029458168474,10
2,1.14670709306128,10
1,0.777876964728248,10
1,0.169100228366628,10
1,3.3234436510313,10
2,0.13218335238638,10
1,0.965218469056449,10
1,1.35480058468403,10
1,0.439703728538007,10
1,0.211689264680192,10
1,1.93121756092457,10
2,0.834433365435116,10
1,1.14418336659736,10
1,1.44594660465563,10
1,1.08650347027452,10
1,2.28930340880964,10
1,0.440582314506173,10
2,0.662949442863464,10
1,3.49235721470273,10
1,0.0557835587392663,10
1,0.241363597102463,10
1,0.455894399899989,10
1,0.652595913503319,10
1,0.53822193434462,10
1,3.84821224750435,10
2,0.157296268379514,10
1,0.326305566924754,10
1,0.434384569060057,10
1,0.966125457505596,10
1,0.0894727017730474,10
1,1.44402296117453,10
1,0.113014463335276,10
2,0.67611578386277,10
1,0.797552450914515,10
1,0.452194191981107,10
1,2.22277334873022,10
1,1.5576674080545,10
1,0.452802848536521,10
1,0.247058072593063,10
1,0.414897936847973,10
1,1.54190768050631,10
1,0.3415457312949,10
2,0.854498803001427,10
1,1.80119633107426,10
2,0.168757308173639,10
2,0.448696501553059,10
1,0.0935848511002226,10
1,1.01318436577441,10
2,1.03319773632557,10
1,0.950193612794292,10
1,0.319121943321079,10
1,0.375791223254055,10
1,1.15894786823065,10
2,1.59317921838703,10
1,1.01569513227315,10
1,0.255370419472456,10
1,0.458535823971033,10
2,0.140751079892028,10
1,0.505488937567138,10
1,0.724701140033913,10
1,0.0304892685521581,10
1,0.706182714953215,10
1,0.39531015092507,10
2,0.819907885002804,10
1,1.30500260643185,10
1,3.00244804454928,10
2,0.587817753352688,10
2,0.63562317378819,10
1,0.883144818910165,10
1,0.1616131085983,10
1,2.16759919921372,10
2,0.783310911576164,10
1,0.253745529800653,10
1,0.321599636692554,10
1,0.981127235996437,10
1,1.6273555009717,10
2,0.540309882257134,10
1,1.26200206014783,10
2,1.0224094458623,10
1,0.10423972690478,10
1,0.273029459174722,10
2,2.84755432906316,10
1,4.43318234731383,10
2,0.0198863216452935,10
1,1.46268930091503,10
1,0.673591247759759,10
1,0.256839682662392,10
1,0.471629429586578,10
1,0.355003932490945,10
2,0.159209743741725,10
1,1.2484598327008,10
2,1.86474825992229,10
2,0.24968486931175,10
1,5.27864472724893,10
2,1.15166243813456,10
1,0.0981430497486274,10
1,0.968773224349034,10
1,0.933665742924239,10
1,1.0237221950245,10
1,0.621904711704701,10
1,0.185570248402655,10
1,0.0358052388764918,10
1,0.671296516899019,10
1,2.11473480785701,10
1,1.25302022970737,10
1,0.012726059815067,10
1,2.46202267880056,10
2,0.865601005921972,10
1,1.01467217035116,10
1,1.01832288410515,10
1,0.161190207649208,10
2,4.39289861669157,10
2,0.685609270818532,10
1,6.44107279147873,10
2,2.78751109589732,10
2,0.36847010627389,10
2,0.445027972571552,10
2,1.69874194526184,10
1,0.958729145117104,10
1,0.66902154777199,10
1,0.705747880041599,10
1,0.160312866426539,10
1,4.44789269913859,10
1,1.07238599378616,10
1,0.76368738770836,10
1,0.544622143922167,10
1,0.38788263964384,10
1,1.99519387251678,10
1,0.00563859660178423,10
1,0.170447156764567,10
1,0.414370680222738,10
1,4.00196481479292,10
2,1.1272936584428,10
1,0.0715916240489274,10
2,4.2039845533199,10
1,0.936645840294659,10
1,2.33634926270281,10
1,5.85943825509319,10
1,0.367610471323133,10
1,0.284291193538853,10
1,0.698542266152799,10
1,0.00986698269844055,10
1,0.935832865536213,10
1,0.399383676238358,10
1,2.97681133804803,10
2,0.024328345682247,10
1,7.47889184917245,10
1,0.311911315657198,10
1,0.0643114093691111,10
1,1.64082986008561,10
2,4.59596220751233,10
2,1.19802450761199,10
1,1.52032474742143,10
2,1.71687248865151,10
2,0.282021691091359,11
1,2.57188453698967,11
1,0.0317615922540426,11
2,0.389046822208911,11
2,0.684412511065602,11
1,0.716374243356686,11
1,2.024580668574,11
1,0.935942672151041,11
1,1.87937616734746,11
1,0.101937607578518,11
1,4.18803440381713,11
2,0.457680913154036,11
1,0.20532494489582,11
1,1.477048125034,11
2,0.302160221152008,11
1,0.38819438079372,11
1,0.392171438783407,11
2,0.182594558677643,11
1,0.386167389907562,11
2,1.16350807152213,11
1,0.101575056090951,11
1,1.00244224439831,11
1,1.02738513979585,11
1,2.67775627399299,11
1,0.216544273793512,11
1,0.824994428972614,11
1,1.3029458168474,11
1,1.14670709306128,11
2,0.777876964728248,11
1,0.169100228366628,11
1,3.3234436510313,11
1,0.13218335238638,11
1,0.965218469056449,11
1,1.35480058468403,11
1,0.439703728538007,11
1,0.211689264680192,11
2,1.93121756092457,11
1,0.834433365435116,11
1,1.14418336659736,11
1,1.44594660465563,11
2,1.08650347027452,11
1,2.28930340880964,11
1,0.440582314506173,11
1,0.662949442863464,11
1,3.49235721470273,11
1,0.0557835587392663,11
1,0.241363597102463,11
1,0.455894399899989,11
1,0.652595913503319,11
2,0.53822193434462,11
1,3.84821224750435,11
2,0.157296268379514,11
2,0.326305566924754,11
1,0.434384569060057,11
2,0.966125457505596,11
1,0.0894727017730474,11
1,1.44402296117453,11
1,0.113014463335276,11
1,0.67611578386277,11
2,0.797552450914515,11
2,0.452194191981107,11
1,2.22277334873022,11
1,1.5576674080545,11
1,0.452802848536521,11
1,0.247058072593063,11
1,0.414897936847973,11
2,1.54190768050631,11
1,0.3415457312949,11
1,0.854498803001427,11
2,1.80119633107426,11
1,0.168757308173639,11
1,0.448696501553059,11
1,0.0935848511002226,11
1,1.01318436577441,11
1,1.03319773632557,11
1,0.950193612794292,11
1,0.319121943321079,11
2,0.375791223254055,11
1,1.15894786823065,11
1,1.59317921838703,11
1,1.01569513227315,11
1,0.255370419472456,11
2,0.458535823971033,11
1,0.140751079892028,11
1,0.505488937567138,11
2,0.724701140033913,11
1,0.0304892685521581,11
1,0.706182714953215,11
1,0.39531015092507,11
1,0.819907885002804,11
2,1.30500260643185,11
2,3.00244804454928,11
1,0.587817753352688,11
2,0.63562317378819,11
1,0.883144818910165,11
2,0.1616131085983,11
1,2.16759919921372,11
1,0.783310911576164,11
1,0.253745529800653,11
1,0.321599636692554,11
1,0.981127235996437,11
2,1.6273555009717,11
1,0.540309882257134,11
1,1.26200206014783,11
1,1.0224094458623,11
1,0.10423972690478,11
1,0.273029459174722,11
1,2.84755432906316,11
1,4.43318234731383,11
1,0.0198863216452935,11
1,1.46268930091503,11
1,0.673591247759759,11
2,0.256839682662392,11
1,0.471629429586578,11
1,0.355003932490945,11
2,0.159209743741725,11
2,1.2484598327008,11
1,1.86474825992229,11
1,0.24968486931175,11
1,5.27864472724893,11
1,1.15166243813456,11
1,0.0981430497486274,11
1,0.968773224349034,11
1,0.933665742924239,11
1,1.0237221950245,11
2,0.621904711704701,11
2,0.185570248402655,11
1,0.0358052388764918,11
1,0.671296516899019,11
1,2.11473480785701,11
1,1.25302022970737,11
1,0.012726059815067,11
1,2.46202267880056,11
1,0.865601005921972,11
1,1.01467217035116,11
2,1.01832288410515,11
2,0.161190207649208,11
1,4.39289861669157,11
2,0.685609270818532,11
2,6.44107279147873,11
1,2.78751109589732,11
1,0.36847010627389,11
1,0.445027972571552,11
1,1.69874194526184,11
2,0.958729145117104,11
2,0.66902154777199,11
2,0.705747880041599,11
2,0.160312866426539,11
1,4.44789269913859,11
1,1.07238599378616,11
1,0.76368738770836,11
1,0.544622143922167,11
2,0.38788263964384,11
1,1.99519387251678,11
1,0.00563859660178423,11
1,0.170447156764567,11
1,0.414370680222738,11
1,4.00196481479292,11
2,1.1272936584428,11
1,0.0715916240489274,11
1,4.2039845533199,11
1,0.936645840294659,11
1,2.33634926270281,11
1,5.85943825509319,11
2,0.367610471323133,11
1,0.284291193538853,11
1,0.698542266152799,11
1,0.00986698269844055,11
1,0.935832865536213,11
1,0.399383676238358,11
2,2.97681133804803,11
1,0.024328345682247,11
1,7.47889184917245,11
2,0.311911315657198,11
2,0.0643114093691111,11
1,1.64082986008561,11
1,4.59596220751233,11
1,1.19802450761199,11
1,1.52032474742143,11
1,1.71687248865151,11
1,0.282021691091359,12
2,2.57188453698967,12
2,0.0317615922540426,12
1,0.389046822208911,12
1,0.684412511065602,12
1,0.716374243356686,12
1,2.024580668574,12
1,0.935942672151041,12
2,1.87937616734746,12
1,0.101937607578518,12
1,4.18803440381713,12
1,0.457680913154036,12
1,0.20532494489582,12
2,1.477048125034,12
1,0.302160221152008,12
1,0.38819438079372,12
1,0.392171438783407,12
2,0.182594558677643,12
1,0.386167389907562,12
1,1.16350807152213,12
2,0.101575056090951,12
1,1.00244224439831,12
1,1.02738513979585,12
2,2.67775627399299,12
1,0.216544273793512,12
1,0.824994428972614,12
1,1.3029458168474,12
2,1.14670709306128,12
2,0.777876964728248,12
2,0.169100228366628,12
1,3.3234436510313,12
1,0.13218335238638,12
1,0.965218469056449,12
1,1.35480058468403,12
2,0.439703728538007,12
1,0.211689264680192,12
1,1.93121756092457,12
1,0.834433365435116,12
1,1.14418336659736,12
1,1.44594660465563,12
1,1.08650347027452,12
2,2.28930340880964,12
1,0.440582314506173,12
2,0.662949442863464,12
2,3.49235721470273,12
2,0.0557835587392663,12
1,0.241363597102463,12
1,0.455894399899989,12
1,0.652595913503319,12
1,0.53822193434462,12
2,3.84821224750435,12
1,0.157296268379514,12
1,0.326305566924754,12
1,0.434384569060057,12
1,0.966125457505596,12
1,0.0894727017730474,12
1,1.44402296117453,12
2,0.113014463335276,12
1,0.67611578386277,12
2,0.797552450914515,12
1,0.452194191981107,12
1,2.22277334873022,12
1,1.5576674080545,12
1,0.452802848536521,12
1,0.247058072593063,12
2,0.414897936847973,12
2,1.54190768050631,12
2,0.3415457312949,12
1,0.854498803001427,12
1,1.80119633107426,12
1,0.168757308173639,12
1,0.448696501553059,12
1,0.0935848511002226,12
1,1.01318436577441,12
1,1.03319773632557,12
1,0.950193612794292,12
2,0.319121943321079,12
1,0.375791223254055,12
1,1.15894786823065,12
1,1.59317921838703,12
2,1.01569513227315,12
1,0.255370419472456,12
1,0.458535823971033,12
1,0.140751079892028,12
2,0.505488937567138,12
2,0.724701140033913,12
1,0.0304892685521581,12
1,0.706182714953215,12
1,0.39531015092507,12
1,0.819907885002804,12
1,1.30500260643185,12
1,3.00244804454928,12
1,0.587817753352688,12
2,0.63562317378819,12
2,0.883144818910165,12
2,0.1616131085983,12
1,2.16759919921372,12
1,0.783310911576164,12
2,0.253745529800653,12
1,0.321599636692554,12
2,0.981127235996437,12
1,1.6273555009717,12
1,0.540309882257134,12
1,1.26200206014783,12
1,1.0224094458623,12
1,0.10423972690478,12
1,0.273029459174722,12
1,2.84755432906316,12
2,4.43318234731383,12
2,0.0198863216452935,12
1,1.46268930091503,12
1,0.673591247759759,12
1,0.256839682662392,12
1,0.471629429586578,12
1,0.355003932490945,12
1,0.159209743741725,12
1,1.2484598327008,12
1,1.86474825992229,12
1,0.24968486931175,12
1,5.27864472724893,12
1,1.15166243813456,12
1,0.0981430497486274,12
1,0.968773224349034,12
1,0.933665742924239,12
2,1.0237221950245,12
1,0.621904711704701,12
2,0.185570248402655,12
1,0.0358052388764918,12
2,0.671296516899019,12
1,2.11473480785701,12
1,1.25302022970737,12
2,0.012726059815067,12
1,2.46202267880056,12
1,0.865601005921972,12
1,1.01467217035116,12
1,1.01832288410515,12
1,0.161190207649208,12
2,4.39289861669157,12
1,0.685609270818532,12
2,6.44107279147873,12
1,2.78751109589732,12
1,0.36847010627389,12
2,0.445027972571552,12
2,1.69874194526184,12
1,0.958729145117104,12
1,0.66902154777199,12
1,0.705747880041599,12
1,0.160312866426539,12
1,4.44789269913859,12
1,1.07238599378616,12
1,0.76368738770836,12
1,0.544622143922167,12
2,0.38788263964384,12
1,1.99519387251678,12
1,0.00563859660178423,12
1,0.170447156764567,12
1,0.414370680222738,12
2,4.00196481479292,12
1,1.1272936584428,12
1,0.0715916240489274,12
1,4.2039845533199,12
2,0.936645840294659,12
1,2.33634926270281,12
1,5.85943825509319,12
1,0.367610471323133,12
1,0.284291193538853,12
2,0.698542266152799,12
1,0.00986698269844055,12
1,0.935832865536213,12
1,0.399383676238358,12
1,2.97681133804803,12
1,0.024328345682247,12
2,7.47889184917245,12
1,0.311911315657198,12
1,0.0643114093691111,12
1,1.64082986008561,12
1,4.59596220751233,12
1,1.19802450761199,12
1,1.52032474742143,12
1,1.71687248865151,12
1,0.282021691091359,13
1,2.57188453698967,13
1,0.0317615922540426,13
1,0.389046822208911,13
1,0.684412511065602,13
1,0.716374243356686,13
1,2.024580668574,13
1,0.935942672151041,13
2,1.87937616734746,13
1,0.101937607578518,13
1,4.18803440381713,13
2,0.457680913154036,13
1,0.20532494489582,13
2,1.477048125034,13
1,0.302160221152008,13
1,0.38819438079372,13
1,0.392171438783407,13
2,0.182594558677643,13
1,0.386167389907562,13
1,1.16350807152213,13
1,0.101575056090951,13
1,1.00244224439831,13
1,1.02738513979585,13
1,2.67775627399299,13
1,0.216544273793512,13
1,0.824994428972614,13
1,1.3029458168474,13
1,1.14670709306128,13
1,0.777876964728248,13
1,0.169100228366628,13
1,3.3234436510313,13
1,0.13218335238638,13
1,0.965218469056449,13
1,1.35480058468403,13
1,0.439703728538007,13
2,0.211689264680192,13
2,1.93121756092457,13
1,0.834433365435116,13
1,1.14418336659736,13
1,1.44594660465563,13
1,1.08650347027452,13
1,2.28930340880964,13
1,0.440582314506173,13
1,0.662949442863464,13
1,3.49235721470273,13
1,0.0557835587392663,13
1,0.241363597102463,13
1,0.455894399899989,13
2,0.652595913503319,13
1,0.53822193434462,13
1,3.84821224750435,13
1,0.157296268379514,13
1,0.326305566924754,13
1,0.434384569060057,13
1,0.966125457505596,13
2,0.0894727017730474,13
2,1.44402296117453,13
1,0.113014463335276,13
2,0.67611578386277,13
1,0.797552450914515,13
1,0.452194191981107,13
2,2.22277334873022,13
2,1.5576674080545,13
1,0.452802848536521,13
1,0.247058072593063,13
2,0.414897936847973,13
1,1.54190768050631,13
1,0.3415457312949,13
1,0.854498803001427,13
1,1.80119633107426,13
1,0.168757308173639,13
2,0.448696501553059,13
1,0.0935848511002226,13
1,1.01318436577441,13
2,1.03319773632557,13
2,0.950193612794292,13
1,0.319121943321079,13
1,0.375791223254055,13
1,1.15894786823065,13
1,1.59317921838703,13
1,1.01569513227315,13
1,0.255370419472456,13
1,0.458535823971033,13
2,0.140751079892028,13
1,0.505488937567138,13
1,0.724701140033913,13
2,0.0304892685521581,13
1,0.706182714953215,13
1,0.39531015092507,13
2,0.819907885002804,13
1,1.30500260643185,13
2,3.00244804454928,13
1,0.587817753352688,13
2,0.63562317378819,13
1,0.883144818910165,13
1,0.1616131085983,13
1,2.16759919921372,13
1,0.783310911576164,13
1,0.253745529800653,13
1,0.321599636692554,13
1,0.981127235996437,13
1,1.6273555009717,13
1,0.540309882257134,13
1,1.26200206014783,13
1,1.0224094458623,13
1,0.10423972690478,13
1,0.273029459174722,13
2,2.84755432906316,13
1,4.43318234731383,13
2,0.0198863216452935,13
1,1.46268930091503,13
1,0.673591247759759,13
1,0.256839682662392,13
2,0.471629429586578,13
2,0.355003932490945,13
1,0.159209743741725,13
2,1.2484598327008,13
1,1.86474825992229,13
1,0.24968486931175,13
1,5.27864472724893,13
1,1.15166243813456,13
1,0.0981430497486274,13
1,0.968773224349034,13
1,0.933665742924239,13
2,1.0237221950245,13
1,0.621904711704701,13
1,0.185570248402655,13
2,0.0358052388764918,13
2,0.671296516899019,13
2,2.11473480785701,13
1,1.25302022970737,13
2,0.012726059815067,13
1,2.46202267880056,13
1,0.865601005921972,13
2,1.01467217035116,13
1,1.01832288410515,13
2,0.161190207649208,13
1,4.39289861669157,13
1,0.685609270818532,13
2,6.44107279147873,13
1,2.78751109589732,13
2,0.36847010627389,13
1,0.445027972571552,13
2,1.69874194526184,13
1,0.958729145117104,13
2,0.66902154777199,13
1,0.705747880041599,13
1,0.160312866426539,13
1,4.44789269913859,13
1,1.07238599378616,13
2,0.76368738770836,13
1,0.544622143922167,13
2,0.38788263964384,13
1,1.99519387251678,13
1,0.00563859660178423,13
1,0.170447156764567,13
1,0.414370680222738,13
1,4.00196481479292,13
2,1.1272936584428,13
1,0.0715916240489274,13
1,4.2039845533199,13
1,0.936645840294659,13
2,2.33634926270281,13
1,5.85943825509319,13
1,0.367610471323133,13
1,0.284291193538853,13
1,0.698542266152799,13
1,0.00986698269844055,13
2,0.935832865536213,13
2,0.399383676238358,13
1,2.97681133804803,13
1,0.024328345682247,13
2,7.47889184917245,13
1,0.311911315657198,13
1,0.0643114093691111,13
2,1.64082986008561,13
1,4.59596220751233,13
1,1.19802450761199,13
1,1.52032474742143,13
1,1.71687248865151,13
1,0.282021691091359,14
2,2.57188453698967,14
2,0.0317615922540426,14
1,0.389046822208911,14
2,0.684412511065602,14
1,0.716374243356686,14
1,2.024580668574,14
2,0.935942672151041,14
1,1.87937616734746,14
1,0.101937607578518,14
1,4.18803440381713,14
1,0.457680913154036,14
2,0.20532494489582,14
2,1.477048125034,14
1,0.302160221152008,14
1,0.38819438079372,14
2,0.392171438783407,14
2,0.182594558677643,14
1,0.386167389907562,14
2,1.16350807152213,14
1,0.101575056090951,14
1,1.00244224439831,14
1,1.02738513979585,14
1,2.67775627399299,14
1,0.216544273793512,14
1,0.824994428972614,14
2,1.3029458168474,14
1,1.14670709306128,14
1,0.777876964728248,14
2,0.169100228366628,14
1,3.3234436510313,14
1,0.13218335238638,14
1,0.965218469056449,14
1,1.35480058468403,14
2,0.439703728538007,14
2,0.211689264680192,14
2,1.93121756092457,14
2,0.834433365435116,14
1,1.14418336659736,14
1,1.44594660465563,14
2,1.08650347027452,14
2,2.28930340880964,14
2,0.440582314506173,14
1,0.662949442863464,14
1,3.49235721470273,14
2,0.0557835587392663,14
1,0.241363597102463,14
1,0.455894399899989,14
2,0.652595913503319,14
2,0.53822193434462,14
1,3.84821224750435,14
1,0.157296268379514,14
1,0.326305566924754,14
1,0.434384569060057,14
1,0.966125457505596,14
1,0.0894727017730474,14
1,1.44402296117453,14
1,0.113014463335276,14
1,0.67611578386277,14
2,0.797552450914515,14
1,0.452194191981107,14
1,2.22277334873022,14
1,1.5576674080545,14
1,0.452802848536521,14
1,0.247058072593063,14
1,0.414897936847973,14
2,1.54190768050631,14
1,0.3415457312949,14
1,0.854498803001427,14
1,1.80119633107426,14
1,0.168757308173639,14
2,0.448696501553059,14
1,0.0935848511002226,14
2,1.01318436577441,14
1,1.03319773632557,14
1,0.950193612794292,14
1,0.319121943321079,14
1,0.375791223254055,14
1,1.15894786823065,14
2,1.59317921838703,14
1,1.01569513227315,14
1,0.255370419472456,14
2,0.458535823971033,14
2,0.140751079892028,14
1,0.505488937567138,14
2,0.724701140033913,14
1,0.0304892685521581,14
1,0.706182714953215,14
1,0.39531015092507,14
1,0.819907885002804,14
1,1.30500260643185,14
1,3.00244804454928,14
1,0.587817753352688,14
1,0.63562317378819,14
1,0.883144818910165,14
1,0.1616131085983,14
1,2.16759919921372,14
1,0.783310911576164,14
2,0.253745529800653,14
1,0.321599636692554,14
1,0.981127235996437,14
2,1.6273555009717,14
1,0.540309882257134,14
1,1.26200206014783,14
1,1.0224094458623,14
1,0.10423972690478,14
1,0.273029459174722,14
2,2.84755432906316,14
1,4.43318234731383,14
1,0.0198863216452935,14
1,1.46268930091503,14
1,0.673591247759759,14
2,0.256839682662392,14
1,0.471629429586578,14
2,0.355003932490945,14
1,0.159209743741725,14
1,1.2484598327008,14
1,1.86474825992229,14
1,0.24968486931175,14
1,5.27864472724893,14
1,1.15166243813456,14
1,0.0981430497486274,14
1,0.968773224349034,14
1,0.933665742924239,14
1,1.0237221950245,14
1,0.621904711704701,14
1,0.185570248402655,14
1,0.0358052388764918,14
2,0.671296516899019,14
1,2.11473480785701,14
1,1.25302022970737,14
1,0.012726059815067,14
1,2.46202267880056,14
1,0.865601005921972,14
1,1.01467217035116,14
1,1.01832288410515,14
1,0.161190207649208,14
1,4.39289861669157,14
2,0.685609270818532,14
2,6.44107279147873,14
1,2.78751109589732,14
2,0.36847010627389,14
1,0.445027972571552,14
1,1.69874194526184,14
1,0.958729145117104,14
1,0.66902154777199,14
1,0.705747880041599,14
2,0.160312866426539,14
1,4.44789269913859,14
2,1.07238599378616,14
1,0.76368738770836,14
2,0.544622143922167,14
1,0.38788263964384,14
1,1.99519387251678,14
1,0.00563859660178423,14
1,0.170447156764567,14
1,0.414370680222738,14
1,4.00196481479292,14
1,1.1272936584428,14
1,0.0715916240489274,14
2,4.2039845533199,14
1,0.936645840294659,14
1,2.33634926270281,14
1,5.85943825509319,14
1,0.367610471323133,14
1,0.284291193538853,14
1,0.698542266152799,14
1,0.00986698269844055,14
1,0.935832865536213,14
1,0.399383676238358,14
1,2.97681133804803,14
1,0.024328345682247,14
1,7.47889184917245,14
1,0.311911315657198,14
2,0.0643114093691111,14
2,1.64082986008561,14
2,4.59596220751233,14
1,1.19802450761199,14
1,1.52032474742143,14
1,1.71687248865151,14
2,0.282021691091359,15
2,2.57188453698967,15
2,0.0317615922540426,15
1,0.389046822208911,15
1,0.684412511065602,15
2,0.716374243356686,15
1,2.024580668574,15
2,0.935942672151041,15
1,1.87937616734746,15
2,0.101937607578518,15
1,4.18803440381713,15
1,0.457680913154036,15
2,0.20532494489582,15
2,1.477048125034,15
1,0.302160221152008,15
1,0.38819438079372,15
1,0.392171438783407,15
1,0.182594558677643,15
1,0.386167389907562,15
1,1.16350807152213,15
2,0.101575056090951,15
1,1.00244224439831,15
2,1.02738513979585,15
1,2.67775627399299,15
1,0.216544273793512,15
1,0.824994428972614,15
2,1.3029458168474,15
1,1.14670709306128,15
1,0.777876964728248,15
1,0.169100228366628,15
1,3.3234436510313,15
1,0.13218335238638,15
1,0.965218469056449,15
1,1.35480058468403,15
1,0.439703728538007,15
2,0.211689264680192,15
1,1.93121756092457,15
1,0.834433365435116,15
1,1.14418336659736,15
1,1.44594660465563,15
2,1.08650347027452,15
1,2.28930340880964,15
1,0.440582314506173,15
1,0.662949442863464,15
2,3.49235721470273,15
1,0.0557835587392663,15
1,0.241363597102463,15
1,0.455894399899989,15
2,0.652595913503319,15
1,0.53822193434462,15
1,3.84821224750435,15
2,0.157296268379514,15
1,0.326305566924754,15
1,0.434384569060057,15
2,0.966125457505596,15
1,0.0894727017730474,15
1,1.44402296117453,15
1,0.113014463335276,15
2,0.67611578386277,15
1,0.797552450914515,15
1,0.452194191981107,15
1,2.22277334873022,15
1,1.5576674080545,15
1,0.452802848536521,15
1,0.247058072593063,15
1,0.414897936847973,15
1,1.54190768050631,15
1,0.3415457312949,15
2,0.854498803001427,15
1,1.80119633107426,15
2,0.168757308173639,15
1,0.448696501553059,15
1,0.0935848511002226,15
1,1.01318436577441,15
1,1.03319773632557,15
1,0.950193612794292,15
1,0.319121943321079,15
1,0.375791223254055,15
1,1.15894786823065,15
2,1.59317921838703,15
1,1.01569513227315,15
1,0.255370419472456,15
2,0.458535823971033,15
2,0.140751079892028,15
2,0.505488937567138,15
2,0.724701140033913,15
1,0.0304892685521581,15
1,0.706182714953215,15
1,0.39531015092507,15
1,0.819907885002804,15
1,1.30500260643185,15
1,3.00244804454928,15
1,0.587817753352688,15
1,0.63562317378819,15
2,0.883144818910165,15
1,0.1616131085983,15
1,2.16759919921372,15
2,0.783310911576164,15
1,0.253745529800653,15
2,0.321599636692554,15
1,0.981127235996437,15
1,1.6273555009717,15
1,0.540309882257134,15
1,1.26200206014783,15
2,1.0224094458623,15
1,0.10423972690478,15
2,0.273029459174722,15
1,2.84755432906316,15
1,4.43318234731383,15
1,0.0198863216452935,15
1,1.46268930091503,15
2,0.673591247759759,15
1,0.256839682662392,15
1,0.471629429586578,15
1,0.355003932490945,15
1,0.159209743741725,15
1,1.2484598327008,15
2,1.86474825992229,15
2,0.24968486931175,15
2,5.27864472724893,15
1,1.15166243813456,15
2,0.0981430497486274,15
1,0.968773224349034,15
1,0.933665742924239,15
2,1.0237221950245,15
1,0.621904711704701,15
1,0.185570248402655,15
1,0.0358052388764918,15
1,0.671296516899019,15
1,2.11473480785701,15
1,1.25302022970737,15
2,0.012726059815067,15
1,2.46202267880056,15
1,0.865601005921972,15
1,1.01467217035116,15
2,1.01832288410515,15
1,0.161190207649208,15
1,4.39289861669157,15
2,0.685609270818532,15
1,6.44107279147873,15
1,2.78751109589732,15
1,0.36847010627389,15
1,0.445027972571552,15
1,1.69874194526184,15
1,0.958729145117104,15
1,0.66902154777199,15
1,0.705747880041599,15
1,0.160312866426539,15
1,4.44789269913859,15
1,1.07238599378616,15
1,0.76368738770836,15
1,0.544622143922167,15
1,0.38788263964384,15
1,1.99519387251678,15
1,0.00563859660178423,15
2,0.170447156764567,15
1,0.414370680222738,15
1,4.00196481479292,15
1,1.1272936584428,15
1,0.0715916240489274,15
2,4.2039845533199,15
1,0.936645840294659,15
1,2.33634926270281,15
1,5.85943825509319,15
1,0.367610471323133,15
1,0.284291193538853,15
1,0.698542266152799,15
1,0.00986698269844055,15
2,0.935832865536213,15
1,0.399383676238358,15
1,2.97681133804803,15
1,0.024328345682247,15
2,7.47889184917245,15
1,0.311911315657198,15
1,0.0643114093691111,15
1,1.64082986008561,15
1,4.59596220751233,15
2,1.19802450761199,15
2,1.52032474742143,15
1,1.71687248865151,15
1,0.282021691091359,16
1,2.57188453698967,16
1,0.0317615922540426,16
1,0.389046822208911,16
1,0.684412511065602,16
1,0.716374243356686,16
1,2.024580668574,16
1,0.935942672151041,16
2,1.87937616734746,16
1,0.101937607578518,16
2,4.18803440381713,16
1,0.457680913154036,16
1,0.20532494489582,16
1,1.477048125034,16
1,0.302160221152008,16
2,0.38819438079372,16
1,0.392171438783407,16
2,0.182594558677643,16
1,0.386167389907562,16
2,1.16350807152213,16
1,0.101575056090951,16
1,1.00244224439831,16
1,1.02738513979585,16
1,2.67775627399299,16
1,0.216544273793512,16
1,0.824994428972614,16
1,1.3029458168474,16
1,1.14670709306128,16
1,0.777876964728248,16
1,0.169100228366628,16
1,3.3234436510313,16
1,0.13218335238638,16
1,0.965218469056449,16
1,1.35480058468403,16
1,0.439703728538007,16
2,0.211689264680192,16
2,1.93121756092457,16
1,0.834433365435116,16
1,1.14418336659736,16
2,1.44594660465563,16
1,1.08650347027452,16
1,2.28930340880964,16
1,0.440582314506173,16
1,0.662949442863464,16
1,3.49235721470273,16
1,0.0557835587392663,16
1,0.241363597102463,16
1,0.455894399899989,16
2,0.652595913503319,16
1,0.53822193434462,16
1,3.84821224750435,16
1,0.157296268379514,16
2,0.326305566924754,16
2,0.434384569060057,16
2,0.966125457505596,16
1,0.0894727017730474,16
1,1.44402296117453,16
1,0.113014463335276,16
1,0.67611578386277,16
2,0.797552450914515,16
1,0.452194191981107,16
1,2.22277334873022,16
2,1.5576674080545,16
1,0.452802848536521,16
1,0.247058072593063,16
1,0.414897936847973,16
2,1.54190768050631,16
1,0.3415457312949,16
2,0.854498803001427,16
1,1.80119633107426,16
1,0.168757308173639,16
1,0.448696501553059,16
1,0.0935848511002226,16
1,1.01318436577441,16
1,1.03319773632557,16
1,0.950193612794292,16
1,0.319121943321079,16
1,0.375791223254055,16
1,1.15894786823065,16
2,1.59317921838703,16
2,1.01569513227315,16
1,0.255370419472456,16
2,0.458535823971033,16
2,0.140751079892028,16
1,0.505488937567138,16
1,0.724701140033913,16
1,0.0304892685521581,16
1,0.706182714953215,16
1,0.39531015092507,16
2,0.819907885002804,16
2,1.30500260643185,16
2,3.00244804454928,16
1,0.587817753352688,16
1,0.63562317378819,16
1,0.883144818910165,16
2,0.1616131085983,16
2,2.16759919921372,16
1,0.783310911576164,16
2,0.253745529800653,16
1,0.321599636692554,16
1,0.981127235996437,16
1,1.6273555009717,16
1,0.540309882257134,16
1,1.26200206014783,16
2,1.0224094458623,16
1,0.10423972690478,16
1,0.273029459174722,16
1,2.84755432906316,16
1,4.43318234731383,16
2,0.0198863216452935,16
1,1.46268930091503,16
1,0.673591247759759,16
1,0.256839682662392,16
1,0.471629429586578,16
1,0.355003932490945,16
1,0.159209743741725,16
2,1.2484598327008,16
2,1.86474825992229,16
2,0.24968486931175,16
1,5.27864472724893,16
1,1.15166243813456,16
1,0.0981430497486274,16
1,0.968773224349034,16
1,0.933665742924239,16
1,1.0237221950245,16
1,0.621904711704701,16
1,0.185570248402655,16
1,0.0358052388764918,16
1,0.671296516899019,16
1,2.11473480785701,16
1,1.25302022970737,16
1,0.012726059815067,16
1,2.46202267880056,16
2,0.865601005921972,16
1,1.01467217035116,16
2,1.01832288410515,16
1,0.161190207649208,16
1,4.39289861669157,16
2,0.685609270818532,16
1,6.44107279147873,16
1,2.78751109589732,16
1,0.36847010627389,16
1,0.445027972571552,16
2,1.69874194526184,16
1,0.958729145117104,16
1,0.66902154777199,16
1,0.705747880041599,16
2,0.160312866426539,16
2,4.44789269913859,16
2,1.07238599378616,16
1,0.76368738770836,16
1,0.544622143922167,16
2,0.38788263964384,16
1,1.99519387251678,16
1,0.00563859660178423,16
2,0.170447156764567,16
1,0.414370680222738,16
2,4.00196481479292,16
1,1.1272936584428,16
1,0.0715916240489274,16
1,4.2039845533199,16
1,0.936645840294659,16
1,2.33634926270281,16
1,5.85943825509319,16
1,0.367610471323133,16
1,0.284291193538853,16
1,0.698542266152799,16
2,0.00986698269844055,16
2,0.935832865536213,16
1,0.399383676238358,16
1,2.97681133804803,16
1,0.024328345682247,16
2,7.47889184917245,16
2,0.311911315657198,16
1,0.0643114093691111,16
1,1.64082986008561,16
1,4.59596220751233,16
1,1.19802450761199,16
1,1.52032474742143,16
1,1.71687248865151,16
1,0.282021691091359,17
1,2.57188453698967,17
2,0.0317615922540426,17
2,0.389046822208911,17
1,0.684412511065602,17
1,0.716374243356686,17
1,2.024580668574,17
1,0.935942672151041,17
1,1.87937616734746,17
2,0.101937607578518,17
1,4.18803440381713,17
1,0.457680913154036,17
2,0.20532494489582,17
1,1.477048125034,17
1,0.302160221152008,17
1,0.38819438079372,17
1,0.392171438783407,17
1,0.182594558677643,17
1,0.386167389907562,17
1,1.16350807152213,17
2,0.101575056090951,17
1,1.00244224439831,17
1,1.02738513979585,17
1,2.67775627399299,17
1,0.216544273793512,17
1,0.824994428972614,17
1,1.3029458168474,17
2,1.14670709306128,17
2,0.777876964728248,17
1,0.169100228366628,17
1,3.3234436510313,17
2,0.13218335238638,17
2,0.965218469056449,17
1,1.35480058468403,17
1,0.439703728538007,17
1,0.211689264680192,17
1,1.93121756092457,17
1,0.834433365435116,17
1,1.14418336659736,17
1,1.44594660465563,17
1,1.08650347027452,17
2,2.28930340880964,17
1,0.440582314506173,17
1,0.662949442863464,17
1,3.49235721470273,17
1,0.0557835587392663,17
2,0.241363597102463,17
2,0.455894399899989,17
1,0.652595913503319,17
1,0.53822193434462,17
1,3.84821224750435,17
2,0.157296268379514,17
1,0.326305566924754,17
2,0.434384569060057,17
1,0.966125457505596,17
1,0.0894727017730474,17
2,1.44402296117453,17
1,0.113014463335276,17
2,0.67611578386277,17
1,0.797552450914515,17
1,0.452194191981107,17
1,2.22277334873022,17
1,1.5576674080545,17
1,0.452802848536521,17
2,0.247058072593063,17
2,0.414897936847973,17
1,1.54190768050631,17
1,0.3415457312949,17
2,0.854498803001427,17
1,1.80119633107426,17
1,0.168757308173639,17
1,0.448696501553059,17
2,0.0935848511002226,17
1,1.01318436577441,17
1,1.03319773632557,17
1,0.950193612794292,17
1,0.319121943321079,17
1,0.375791223254055,17
2,1.15894786823065,17
1,1.59317921838703,17
1,1.01569513227315,17
2,0.255370419472456,17
2,0.458535823971033,17
1,0.140751079892028,17
1,0.505488937567138,17
1,0.724701140033913,17
1,0.0304892685521581,17
2,0.706182714953215,17
1,0.39531015092507,17
1,0.819907885002804,17
1,1.30500260643185,17
1,3.00244804454928,17
1,0.587817753352688,17
1,0.63562317378819,17
1,0.883144818910165,17
1,0.1616131085983,17
1,2.16759919921372,17
1,0.783310911576164,17
1,0.253745529800653,17
2,0.321599636692554,17
1,0.981127235996437,17
1,1.6273555009717,17
1,0.540309882257134,17
1,1.26200206014783,17
1,1.0224094458623,17
1,0.10423972690478,17
1,0.273029459174722,17
1,2.84755432906316,17
1,4.43318234731383,17
1,0.0198863216452935,17
2,1.46268930091503,17
1,0.673591247759759,17
1,0.256839682662392,17
1,0.471629429586578,17
1,0.355003932490945,17
1,0.159209743741725,17
2,1.2484598327008,17
1,1.86474825992229,17
1,0.24968486931175,17
1,5.27864472724893,17
1,1.15166243813456,17
2,0.0981430497486274,17
2,0.968773224349034,17
2,0.933665742924239,17
1,1.0237221950245,17
1,0.621904711704701,17
1,0.185570248402655,17
1,0.0358052388764918,17
2,0.671296516899019,17
2,2.11473480785701,17
1,1.25302022970737,17
1,0.012726059815067,17
2,2.46202267880056,17
1,0.865601005921972,17
1,1.01467217035116,17
2,1.01832288410515,17
1,0.161190207649208,17
2,4.39289861669157,17
2,0.685609270818532,17
1,6.44107279147873,17
1,2.78751109589732,17
1,0.36847010627389,17
1,0.445027972571552,17
1,1.69874194526184,17
1,0.958729145117104,17
1,0.66902154777199,17
2,0.705747880041599,17
1,0.160312866426539,17
1,4.44789269913859,17
1,1.07238599378616,17
2,0.76368738770836,17
1,0.544622143922167,17
1,0.38788263964384,17
2,1.99519387251678,17
1,0.00563859660178423,17
1,0.170447156764567,17
2,0.414370680222738,17
1,4.00196481479292,17
1,1.1272936584428,17
1,0.0715916240489274,17
2,4.2039845533199,17
2,0.936645840294659,17
2,2.33634926270281,17
1,5.85943825509319,17
1,0.367610471323133,17
1,0.284291193538853,17
1,0.698542266152799,17
1,0.00986698269844055,17
1,0.935832865536213,17
1,0.399383676238358,17
2,2.97681133804803,17
2,0.024328345682247,17
1,7.47889184917245,17
1,0.311911315657198,17
1,0.0643114093691111,17
1,1.64082986008561,17
1,4.59596220751233,17
1,1.19802450761199,17
1,1.52032474742143,17
1,1.71687248865151,17
1,0.282021691091359,18
1,2.57188453698967,18
1,0.0317615922540426,18
1,0.389046822208911,18
1,0.684412511065602,18
1,0.716374243356686,18
1,2.024580668574,18
1,0.935942672151041,18
1,1.87937616734746,18
2,0.101937607578518,18
1,4.18803440381713,18
1,0.457680913154036,18
1,0.20532494489582,18
1,1.477048125034,18
1,0.302160221152008,18
1,0.38819438079372,18
1,0.392171438783407,18
2,0.182594558677643,18
2,0.386167389907562,18
1,1.16350807152213,18
2,0.101575056090951,18
2,1.00244224439831,18
1,1.02738513979585,18
1,2.67775627399299,18
1,0.216544273793512,18
2,0.824994428972614,18
1,1.3029458168474,18
1,1.14670709306128,18
1,0.777876964728248,18
1,0.169100228366628,18
2,3.3234436510313,18
1,0.13218335238638,18
1,0.965218469056449,18
1,1.35480058468403,18
1,0.439703728538007,18
2,0.211689264680192,18
2,1.93121756092457,18
1,0.834433365435116,18
1,1.14418336659736,18
1,1.44594660465563,18
1,1.08650347027452,18
1,2.28930340880964,18
1,0.440582314506173,18
1,0.662949442863464,18
2,3.49235721470273,18
1,0.0557835587392663,18
1,0.241363597102463,18
1,0.455894399899989,18
2,0.652595913503319,18
1,0.53822193434462,18
1,3.84821224750435,18
1,0.157296268379514,18
1,0.326305566924754,18
2,0.434384569060057,18
1,0.966125457505596,18
1,0.0894727017730474,18
1,1.44402296117453,18
2,0.113014463335276,18
2,0.67611578386277,18
2,0.797552450914515,18
1,0.452194191981107,18
2,2.22277334873022,18
1,1.5576674080545,18
1,0.452802848536521,18
1,0.247058072593063,18
1,0.414897936847973,18
1,1.54190768050631,18
1,0.3415457312949,18
2,0.854498803001427,18
1,1.80119633107426,18
1,0.168757308173639,18
1,0.448696501553059,18
1,0.0935848511002226,18
1,1.01318436577441,18
1,1.03319773632557,18
1,0.950193612794292,18
1,0.319121943321079,18
1,0.375791223254055,18
1,1.15894786823065,18
1,1.59317921838703,18
1,1.01569513227315,18
1,0.255370419472456,18
1,0.458535823971033,18
2,0.140751079892028,18
2,0.505488937567138,18
1,0.724701140033913,18
2,0.0304892685521581,18
1,0.706182714953215,18
2,0.39531015092507,18
1,0.819907885002804,18
2,1.30500260643185,18
1,3.00244804454928,18
1,0.587817753352688,18
1,0.63562317378819,18
1,0.883144818910165,18
1,0.1616131085983,18
1,2.16759919921372,18
1,0.783310911576164,18
1,0.253745529800653,18
1,0.321599636692554,18
1,0.981127235996437,18
1,1.6273555009717,18
2,0.540309882257134,18
2,1.26200206014783,18
1,1.0224094458623,18
1,0.10423972690478,18
2,0.273029459174722,18
1,2.84755432906316,18
1,4.43318234731383,18
2,0.0198863216452935,18
1,1.46268930091503,18
1,0.673591247759759,18
1,0.256839682662392,18
2,0.471629429586578,18
1,0.355003932490945,18
1,0.159209743741725,18
1,1.2484598327008,18
2,1.86474825992229,18
1,0.24968486931175,18
2,5.27864472724893,18
1,1.15166243813456,18
2,0.0981430497486274,18
2,0.968773224349034,18
1,0.933665742924239,18
1,1.0237221950245,18
2,0.621904711704701,18
1,0.185570248402655,18
1,0.0358052388764918,18
1,0.671296516899019,18
1,2.11473480785701,18
1,1.25302022970737,18
1,0.012726059815067,18
1,2.46202267880056,18
2,0.865601005921972,18
2,1.01467217035116,18
2,1.01832288410515,18
1,0.161190207649208,18
2,4.39289861669157,18
2,0.685609270818532,18
1,6.44107279147873,18
1,2.78751109589732,18
2,0.36847010627389,18
1,0.445027972571552,18
1,1.69874194526184,18
1,0.958729145117104,18
1,0.66902154777199,18
1,0.705747880041599,18
1,0.160312866426539,18
2,4.44789269913859,18
1,1.07238599378616,18
1,0.76368738770836,18
1,0.544622143922167,18
2,0.38788263964384,18
1,1.99519387251678,18
1,0.00563859660178423,18
1,0.170447156764567,18
1,0.414370680222738,18
1,4.00196481479292,18
1,1.1272936584428,18
1,0.0715916240489274,18
1,4.2039845533199,18
1,0.936645840294659,18
1,2.33634926270281,18
2,5.85943825509319,18
1,0.367610471323133,18
2,0.284291193538853,18
1,0.698542266152799,18
2,0.00986698269844055,18
1,0.935832865536213,18
2,0.399383676238358,18
1,2.97681133804803,18
1,0.024328345682247,18
1,7.47889184917245,18
1,0.311911315657198,18
2,0.0643114093691111,18
1,1.64082986008561,18
1,4.59596220751233,18
1,1.19802450761199,18
1,1.52032474742143,18
1,1.71687248865151,18
1,0.282021691091359,19
1,2.57188453698967,19
1,0.0317615922540426,19
1,0.389046822208911,19
1,0.684412511065602,19
1,0.716374243356686,19
1,2.024580668574,19
1,0.935942672151041,19
1,1.87937616734746,19
1,0.101937607578518,19
1,4.18803440381713,19
1,0.457680913154036,19
1,0.20532494489582,19
1,1.477048125034,19
1,0.302160221152008,19
1,0.38819438079372,19
1,0.392171438783407,19
1,0.182594558677643,19
1,0.386167389907562,19
1,1.16350807152213,19
1,0.101575056090951,19
1,1.00244224439831,19
1,1.02738513979585,19
1,2.67775627399299,19
1,0.216544273793512,19
1,0.824994428972614,19
1,1.3029458168474,19
1,1.14670709306128,19
1,0.777876964728248,19
1,0.169100228366628,19
1,3.3234436510313,19
1,0.13218335238638,19
1,0.965218469056449,19
1,1.35480058468403,19
1,0.439703728538007,19
1,0.211689264680192,19
1,1.93121756092457,19
1,0.834433365435116,19
1,1.14418336659736,19
1,1.44594660465563,19
1,1.08650347027452,19
1,2.28930340880964,19
1,0.440582314506173,19
1,0.662949442863464,19
1,3.49235721470273,19
1,0.0557835587392663,19
1,0.241363597102463,19
1,0.455894399899989,19
1,0.652595913503319,19
1,0.53822193434462,19
1,3.84821224750435,19
1,0.157296268379514,19
1,0.326305566924754,19
1,0.434384569060057,19
1,0.966125457505596,19
1,0.0894727017730474,19
1,1.44402296117453,19
1,0.113014463335276,19
1,0.67611578386277,19
1,0.797552450914515,19
1,0.452194191981107,19
1,2.22277334873022,19
1,1.5576674080545,19
1,0.452802848536521,19
1,0.247058072593063,19
1,0.414897936847973,19
1,1.54190768050631,19
1,0.3415457312949,19
1,0.854498803001427,19
1,1.80119633107426,19
1,0.168757308173639,19
1,0.448696501553059,19
1,0.0935848511002226,19
1,1.01318436577441,19
1,1.03319773632557,19
1,0.950193612794292,19
1,0.319121943321079,19
1,0.375791223254055,19
1,1.15894786823065,19
1,1.59317921838703,19
1,1.01569513227315,19
1,0.255370419472456,19
1,0.458535823971033,19
1,0.140751079892028,19
1,0.505488937567138,19
1,0.724701140033913,19
1,0.0304892685521581,19
1,0.706182714953215,19
1,0.39531015092507,19
1,0.819907885002804,19
1,1.30500260643185,19
1,3.00244804454928,19
1,0.587817753352688,19
1,0.63562317378819,19
1,0.883144818910165,19
1,0.1616131085983,19
1,2.16759919921372,19
1,0.783310911576164,19
1,0.253745529800653,19
1,0.321599636692554,19
1,0.981127235996437,19
1,1.6273555009717,19
1,0.540309882257134,19
1,1.26200206014783,19
1,1.0224094458623,19
1,0.10423972690478,19
1,0.273029459174722,19
1,2.84755432906316,19
1,4.43318234731383,19
1,0.0198863216452935,19
1,1.46268930091503,19
1,0.673591247759759,19
1,0.256839682662392,19
1,0.471629429586578,19
1,0.355003932490945,19
1,0.159209743741725,19
1,1.2484598327008,19
1,1.86474825992229,19
1,0.24968486931175,19
1,5.27864472724893,19
1,1.15166243813456,19
1,0.0981430497486274,19
1,0.968773224349034,19
1,0.933665742924239,19
1,1.0237221950245,19
1,0.621904711704701,19
1,0.185570248402655,19
1,0.0358052388764918,19
1,0.671296516899019,19
1,2.11473480785701,19
1,1.25302022970737,19
1,0.012726059815067,19
1,2.46202267880056,19
1,0.865601005921972,19
1,1.01467217035116,19
2,1.01832288410515,19
2,0.161190207649208,19
2,4.39289861669157,19
2,0.685609270818532,19
2,6.44107279147873,19
2,2.78751109589732,19
2,0.36847010627389,19
2,0.445027972571552,19
2,1.69874194526184,19
2,0.958729145117104,19
2,0.66902154777199,19
2,0.705747880041599,19
2,0.160312866426539,19
2,4.44789269913859,19
2,1.07238599378616,19
2,0.76368738770836,19
2,0.544622143922167,19
2,0.38788263964384,19
2,1.99519387251678,19
2,0.00563859660178423,19
2,0.170447156764567,19
2,0.414370680222738,19
2,4.00196481479292,19
2,1.1272936584428,19
2,0.0715916240489274,19
2,4.2039845533199,19
2,0.936645840294659,19
2,2.33634926270281,19
2,5.85943825509319,19
2,0.367610471323133,19
2,0.284291193538853,19
2,0.698542266152799,19
2,0.00986698269844055,19
2,0.935832865536213,19
2,0.399383676238358,19
2,2.97681133804803,19
2,0.024328345682247,19
2,7.47889184917245,19
2,0.311911315657198,19
2,0.0643114093691111,19
2,1.64082986008561,19
2,4.59596220751233,19
2,1.19802450761199,19
2,1.52032474742143,19
2,1.71687248865151,19
1,0.282021691091359,20
1,2.57188453698967,20
2,0.0317615922540426,20
2,0.389046822208911,20
1,0.684412511065602,20
1,0.716374243356686,20
2,2.024580668574,20
2,0.935942672151041,20
2,1.87937616734746,20
1,0.101937607578518,20
1,4.18803440381713,20
1,0.457680913154036,20
1,0.20532494489582,20
2,1.477048125034,20
1,0.302160221152008,20
1,0.38819438079372,20
2,0.392171438783407,20
2,0.182594558677643,20
1,0.386167389907562,20
1,1.16350807152213,20
1,0.101575056090951,20
1,1.00244224439831,20
1,1.02738513979585,20
1,2.67775627399299,20
1,0.216544273793512,20
1,0.824994428972614,20
2,1.3029458168474,20
1,1.14670709306128,20
1,0.777876964728248,20
1,0.169100228366628,20
1,3.3234436510313,20
1,0.13218335238638,20
1,0.965218469056449,20
1,1.35480058468403,20
2,0.439703728538007,20
1,0.211689264680192,20
1,1.93121756092457,20
1,0.834433365435116,20
1,1.14418336659736,20
1,1.44594660465563,20
1,1.08650347027452,20
1,2.28930340880964,20
2,0.440582314506173,20
1,0.662949442863464,20
1,3.49235721470273,20
1,0.0557835587392663,20
1,0.241363597102463,20
1,0.455894399899989,20
1,0.652595913503319,20
1,0.53822193434462,20
1,3.84821224750435,20
1,0.157296268379514,20
1,0.326305566924754,20
1,0.434384569060057,20
2,0.966125457505596,20
1,0.0894727017730474,20
1,1.44402296117453,20
1,0.113014463335276,20
1,0.67611578386277,20
1,0.797552450914515,20
2,0.452194191981107,20
1,2.22277334873022,20
1,1.5576674080545,20
1,0.452802848536521,20
1,0.247058072593063,20
1,0.414897936847973,20
1,1.54190768050631,20
1,0.3415457312949,20
2,0.854498803001427,20
1,1.80119633107426,20
1,0.168757308173639,20
1,0.448696501553059,20
1,0.0935848511002226,20
1,1.01318436577441,20
1,1.03319773632557,20
2,0.950193612794292,20
1,0.319121943321079,20
1,0.375791223254055,20
1,1.15894786823065,20
1,1.59317921838703,20
1,1.01569513227315,20
1,0.255370419472456,20
2,0.458535823971033,20
2,0.140751079892028,20
2,0.505488937567138,20
1,0.724701140033913,20
1,0.0304892685521581,20
2,0.706182714953215,20
1,0.39531015092507,20
1,0.819907885002804,20
1,1.30500260643185,20
2,3.00244804454928,20
1,0.587817753352688,20
1,0.63562317378819,20
2,0.883144818910165,20
1,0.1616131085983,20
1,2.16759919921372,20
2,0.783310911576164,20
2,0.253745529800653,20
1,0.321599636692554,20
2,0.981127235996437,20
2,1.6273555009717,20
1,0.540309882257134,20
2,1.26200206014783,20
1,1.0224094458623,20
1,0.10423972690478,20
1,0.273029459174722,20
1,2.84755432906316,20
1,4.43318234731383,20
1,0.0198863216452935,20
1,1.46268930091503,20
2,0.673591247759759,20
1,0.256839682662392,20
1,0.471629429586578,20
2,0.355003932490945,20
2,0.159209743741725,20
1,1.2484598327008,20
1,1.86474825992229,20
2,0.24968486931175,20
2,5.27864472724893,20
1,1.15166243813456,20
1,0.0981430497486274,20
1,0.968773224349034,20
1,0.933665742924239,20
1,1.0237221950245,20
1,0.621904711704701,20
1,0.185570248402655,20
1,0.0358052388764918,20
1,0.671296516899019,20
1,2.11473480785701,20
1,1.25302022970737,20
2,0.012726059815067,20
1,2.46202267880056,20
1,0.865601005921972,20
2,1.01467217035116,20
1,1.01832288410515,20
1,0.161190207649208,20
1,4.39289861669157,20
1,0.685609270818532,20
1,6.44107279147873,20
1,2.78751109589732,20
2,0.36847010627389,20
2,0.445027972571552,20
1,1.69874194526184,20
1,0.958729145117104,20
1,0.66902154777199,20
1,0.705747880041599,20
1,0.160312866426539,20
1,4.44789269913859,20
1,1.07238599378616,20
1,0.76368738770836,20
1,0.544622143922167,20
1,0.38788263964384,20
2,1.99519387251678,20
2,0.00563859660178423,20
2,0.170447156764567,20
1,0.414370680222738,20
2,4.00196481479292,20
2,1.1272936584428,20
1,0.0715916240489274,20
2,4.2039845533199,20
1,0.936645840294659,20
2,2.33634926270281,20
1,5.85943825509319,20
1,0.367610471323133,20
1,0.284291193538853,20
1,0.698542266152799,20
1,0.00986698269844055,20
1,0.935832865536213,20
1,0.399383676238358,20
1,2.97681133804803,20
2,0.024328345682247,20
1,7.47889184917245,20
1,0.311911315657198,20
1,0.0643114093691111,20
2,1.64082986008561,20
1,4.59596220751233,20
2,1.19802450761199,20
1,1.52032474742143,20
1,1.71687248865151,20
